distancia,radio
32,0
32,0
288,0
304,0
576,0
704,0
704,0
704,0
704,0
768,0
832,0
832,0
832,0
928,0
928,0
928,0
1792,0
1792,0
1792,0
1792,0
1920,0
1920,0
1152.5,0
1152.5,0
1792.5,0
1792.5,0
1792.5,0
576.5,0
672.5,0
704.5,0
704.5,0
704.5,0
704.5,0
864.5,0
864.5,0
928.5,0
928.5,0
1793,0
1793,0
1793,0
1921,0
1665.5,0
1665.5,0
1793.5,0
1793.5,0
288.5,0
577,0
705,0
705,0
705,0
705,0
705,0
705,0
801,0
865,0
929,0
1154,0
1794,0
1794,0
1794,0
1794.5,0
1794.5,0
1794.5,0
1794.5,0
577.5,0
577.5,0
577.5,0
577.5,0
865.5,0
865.5,0
865.5,0
865.5,0
1795,0
1795,0
1795,0
1795,0
1923,0
1923,0
1795.5,0
1795.5,0
289,0
305,0
578,0
706,0
866,0
866,0
1668.5,0
1796.5,0
1796.5,0
578.5,0
578.5,0
706.5,0
706.5,0
706.5,0
706.5,0
802.5,0
834.5,0
1797,0
305.5,0
579,0
707,0
707,0
707,0
707,0
707,0
707,0
867,0
1926,0
1926,0
1670.5,0
1670.5,0
1926.5,0
579.5,0
579.5,0
707.5,0
707.5,0
707.5,0
707.5,0
867.5,0
867.5,0
867.5,0
1479,0
1479,0
1479.5,0
1479.5,0
1479.5,0
1479.5,0
1479.5,0
1479.5,0
1479.5,0
1479.5,0
1479.5,0
1479.5,0
290,0
290,0
580,0
580,0
708,0
708,0
708,0
708,0
708,0
836,0
836,0
1480,0
1480,0
1480,0
1480,0
1480.5,0
1480.5,0
1480.5,0
1800.5,0
580.5,0
708.5,0
708.5,0
708.5,0
708.5,0
708.5,0
708.5,0
708.5,0
708.5,0
708.5,0
708.5,0
708.5,0
836.5,0
836.5,0
1481,0
1097.5,0
1481.5,0
1481.5,0
290.5,0
306.5,0
306.5,0
581,0
581,0
645,0
709,0
709,0
709,0
709,0
709,0
709,0
709,0
709,0
837,0
837,0
837,0
837,0
837,0
869,0
1482,0
1482,0
1482,0
1482.5,0
1482.5,0
1482.5,0
1482.5,0
1482.5,0
1482.5,0
1482.5,0
1674.5,0
581.5,0
581.5,0
709.5,0
709.5,0
709.5,0
709.5,0
709.5,0
837.5,0
1483,0
1483,0
1483,0
1483,0
1483,0
1483,0
1483,0
1483,0
1483,0
1483,0
1483,0
1483,0
1739,0
1739,0
1483.5,0
1483.5,0
1483.5,0
1483.5,0
1483.5,0
1483.5,0
291,0
291,0
291,0
307,0
307,0
582,0
582,0
582,0
710,0
710,0
710,0
710,0
710,0
710,0
710,0
806,0
838,0
838,0
1484,0
1484,0
1484,0
1484,0
1484,0
1484,0
1484.5,0
1484.5,0
1676.5,0
1932.5,0
1932.5,0
1932.5,0
1932.5,0
582.5,0
582.5,0
710.5,0
838.5,0
1741,0
1741,0
1933,0
1933,0
1933,0
1933,0
1485.5,0
1485.5,0
291.5,0
583,0
583,0
583,0
711,0
711,0
807,0
839,0
871,0
871,0
1678.5,0
1678.5,0
1678.5,0
1742.5,0
583.5,0
583.5,0
583.5,0
711.5,0
775.5,0
935.5,0
1935,0
1487.5,0
1487.5,0
1487.5,0
1487.5,0
1679.5,0
1679.5,0
1679.5,0
1743.5,0
1743.5,0
1743.5,0
1935.5,0
1935.5,0
1935.5,0
1935.5,0
1935.5,0
1935.5,0
292,0
584,0
712,0
712,0
712,0
712,0
776,0
776,0
840,0
840,0
840,0
872,0
872,0
872,0
936,0
1104,0
1488,0
1488.5,0
1488.5,0
1936.5,0
1936.5,0
1936.5,0
584.5,0
712.5,0
712.5,0
840.5,0
840.5,0
936.5,0
1105,0
1745,0
1745,0
1105.5,0
1105.5,0
1105.5,0
1489.5,0
1937.5,0
585,0
713,0
713,0
713,0
777,0
841,0
841,0
841,0
873,0
873,0
1106,0
1106,0
1106,0
1426,0
1682,0
1106.5,0
585.5,0
585.5,0
585.5,0
585.5,0
585.5,0
585.5,0
585.5,0
585.5,0
585.5,0
713.5,0
713.5,0
777.5,0
841.5,0
841.5,0
841.5,0
841.5,0
937.5,0
1427,0
1427,0
1683,0
1939,0
1939,0
1939.5,0
293,0
714,0
842,0
842,0
842,0
842,0
874,0
874,0
1108,0
1108,0
1108.5,0
1748.5,0
1748.5,0
554.5,0
554.5,0
554.5,0
586.5,0
586.5,0
586.5,0
778.5,0
842.5,0
842.5,0
842.5,0
842.5,0
1109,0
1685,0
1685,0
1749,0
1749,0
1941,0
1429.5,0
1429.5,0
1685.5,0
1685.5,0
277.5,0
277.5,0
587,0
587,0
587,0
843,0
843,0
843,0
843,0
843,0
875,0
1110,0
1110,0
1750,0
1750,0
1110.5,0
1110.5,0
1750.5,0
555.5,0
555.5,0
587.5,0
779.5,0
843.5,0
843.5,0
843.5,0
1111,0
1751,0
1751,0
1111.5,0
1751.5,0
294,0
588,0
588,0
588,0
588,0
780,0
780,0
1688,0
1752,0
1688.5,0
1688.5,0
1688.5,0
1944.5,0
588.5,0
588.5,0
588.5,0
780.5,0
844.5,0
844.5,0
844.5,0
844.5,0
844.5,0
844.5,0
1753,0
1753,0
1753,0
1945,0
1753.5,0
1945.5,0
589,0
781,0
781,0
781,0
845,0
845,0
1690.5,0
1690.5,0
1754.5,0
589.5,0
589.5,0
845.5,0
845.5,0
845.5,0
845.5,0
909.5,0
1115,0
1755,0
1755,0
1115.5,0
1115.5,0
1115.5,0
1755.5,0
295,0
590,0
590,0
654,0
782,0
846,0
846,0
846,0
846,0
846,0
846,0
846,0
1116,0
1756,0
1756,0
1756,0
1116.5,0
1692.5,0
1756.5,0
1756.5,0
1756.5,0
1948.5,0
1948.5,0
558.5,0
558.5,0
590.5,0
590.5,0
654.5,0
654.5,0
782.5,0
846.5,0
846.5,0
846.5,0
846.5,0
846.5,0
846.5,0
1117,0
1117,0
1245.5,0
295.5,0
311.5,0
311.5,0
591,0
591,0
591,0
655,0
847,0
847,0
847,0
847,0
847,0
847,0
847,0
847,0
847,0
847,0
847,0
847,0
847,0
847,0
879,0
879,0
911,0
1246,0
1118.5,0
1118.5,0
1694.5,0
1694.5,0
559.5,0
591.5,0
591.5,0
591.5,0
783.5,0
783.5,0
847.5,0
847.5,0
847.5,0
847.5,0
847.5,0
847.5,0
847.5,0
847.5,0
847.5,0
847.5,0
1119,0
1759,0
1951,0
1951,0
1759.5,0
1759.5,0
30.5,0
312,0
560,0
592,0
592,0
592,0
592,0
592,0
784,0
848,0
848,0
848,0
880,0
1120,0
1952,0
1120.5,0
1120.5,0
560.5,0
560.5,0
592.5,0
592.5,0
656.5,0
656.5,0
784.5,0
1121,0
1121,0
1761,0
1761,0
1761.5,0
1761.5,0
1953.5,0
296.5,0
296.5,0
312.5,0
593,0
657,0
721,0
785,0
785,0
849,0
849,0
849,0
849,0
1122,0
1762,0
1762,0
1122.5,0
1122.5,0
1762.5,0
1762.5,0
1954.5,0
1954.5,0
1954.5,0
1954.5,0
1954.5,0
561.5,0
561.5,0
561.5,0
561.5,0
593.5,0
721.5,0
721.5,0
721.5,0
785.5,0
785.5,0
849.5,0
849.5,0
849.5,0
1763,0
1955,0
1123.5,0
1123.5,0
1955.5,0
1955.5,0
1955.5,0
1955.5,0
1955.5,0
1955.5,0
1955.5,0
297,0
313,0
313,0
562,0
562,0
562,0
562,0
562,0
562,0
562,0
594,0
594,0
594,0
594,0
594,0
594,0
594,0
594,0
850,0
1124,0
1124,0
1124,0
1956,0
1956,0
1956,0
1124.5,0
1956.5,0
562.5,0
562.5,0
562.5,0
562.5,0
562.5,0
594.5,0
658.5,0
658.5,0
658.5,0
786.5,0
786.5,0
786.5,0
850.5,0
850.5,0
850.5,0
850.5,0
850.5,0
850.5,0
1765,0
1957,0
1125.5,0
1125.5,0
1125.5,0
1957.5,0
313.5,0
563,0
563,0
563,0
563,0
595,0
595,0
595,0
787,0
787,0
787,0
851,0
851,0
851,0
1126,0
1126,0
1958,0
1958,0
1126.5,0
1126.5,0
1126.5,0
1254.5,0
563.5,0
563.5,0
563.5,0
595.5,0
595.5,0
595.5,0
595.5,0
787.5,0
851.5,0
851.5,0
1127,0
1127,0
1127,0
1127,0
1127,0
1127,0
1255,0
1255,0
1255,0
1255,0
1959,0
1959,0
1255.5,0
1255.5,0
1767.5,0
1767.5,0
1959.5,0
1959.5,0
564,0
660,0
788,0
788,0
788,0
788,0
788,0
1128,0
1128,0
1128,0
1256,0
1256,0
1256,0
1256,0
1256,0
1256,0
1768,0
1768,0
1768,0
1768,0
1960,0
1128.5,0
1192.5,0
1256.5,0
1256.5,0
1256.5,0
1256.5,0
1256.5,0
1256.5,0
1768.5,0
1960.5,0
1960.5,0
1960.5,0
1960.5,0
1960.5,0
564.5,0
564.5,0
596.5,0
596.5,0
660.5,0
788.5,0
788.5,0
788.5,0
852.5,0
852.5,0
852.5,0
852.5,0
1193,0
1193,0
1257,0
1257,0
1961,0
1961,0
1961,0
1961,0
1961,0
1129.5,0
1129.5,0
1129.5,0
1129.5,0
1257.5,0
1257.5,0
1257.5,0
1961.5,0
1961.5,0
1961.5,0
1961.5,0
565,0
565,0
565,0
565,0
565,0
565,0
597,0
597,0
661,0
789,0
789,0
853,0
853,0
853,0
853,0
885,0
885,0
917,0
917,0
1130,0
1258,0
1258,0
1258,0
1258,0
1962,0
1962,0
1962,0
1130.5,0
1130.5,0
1130.5,0
1130.5,0
1130.5,0
1130.5,0
1130.5,0
1130.5,0
1194.5,0
1962.5,0
1962.5,0
1962.5,0
565.5,0
565.5,0
565.5,0
565.5,0
565.5,0
565.5,0
597.5,0
853.5,0
853.5,0
853.5,0
853.5,0
853.5,0
1131,0
1131,0
1131,0
1131,0
1131,0
1131,0
1131,0
1131,0
1195,0
1259,0
1259,0
1771,0
1131.5,0
1259.5,0
1259.5,0
1259.5,0
1259.5,0
1259.5,0
1259.5,0
1259.5,0
1259.5,0
1259.5,0
1259.5,0
1259.5,0
1259.5,0
1963.5,0
1963.5,0
1963.5,0
1963.5,0
1963.5,0
299,0
299,0
566,0
566,0
566,0
566,0
566,0
566,0
598,0
694,0
694,0
854,0
854,0
854,0
854,0
854,0
854,0
854,0
854,0
854,0
854,0
854,0
854,0
918,0
918,0
1132,0
1132,0
1132,0
1132,0
1260,0
1260,0
1260,0
1260,0
1260,0
1260,0
1260,0
1260,0
1260,0
1260,0
1260,0
1260,0
1260,0
1964,0
1964,0
1132.5,0
1132.5,0
1132.5,0
1260.5,0
1260.5,0
1260.5,0
1260.5,0
1260.5,0
1260.5,0
1260.5,0
1260.5,0
1260.5,0
1772.5,0
1772.5,0
1964.5,0
1964.5,0
1964.5,0
1964.5,0
1964.5,0
1964.5,0
566.5,0
566.5,0
566.5,0
566.5,0
566.5,0
566.5,0
566.5,0
566.5,0
566.5,0
566.5,0
566.5,0
566.5,0
566.5,0
566.5,0
598.5,0
694.5,0
694.5,0
694.5,0
694.5,0
694.5,0
790.5,0
790.5,0
854.5,0
854.5,0
854.5,0
854.5,0
854.5,0
854.5,0
854.5,0
854.5,0
854.5,0
1133,0
1133,0
1261,0
1261,0
1261,0
1261,0
1261,0
1261,0
1261,0
1261,0
1261,0
1773,0
1965,0
1965,0
1133.5,0
1133.5,0
1133.5,0
1133.5,0
1133.5,0
1133.5,0
1133.5,0
1133.5,0
1133.5,0
1133.5,0
1133.5,0
1197.5,0
1261.5,0
1261.5,0
1965.5,0
1965.5,0
299.5,0
299.5,0
299.5,0
299.5,0
315.5,0
567,0
567,0
855,0
855,0
855,0
855,0
855,0
855,0
855,0
855,0
887,0
1134,0
1134,0
1134,0
1134,0
1134,0
1966,0
1966,0
1966,0
1966,0
1966,0
1134.5,0
1134.5,0
1134.5,0
1134.5,0
1134.5,0
1134.5,0
1134.5,0
1198.5,0
1198.5,0
1966.5,0
567.5,0
567.5,0
567.5,0
567.5,0
567.5,0
567.5,0
567.5,0
567.5,0
567.5,0
599.5,0
599.5,0
599.5,0
663.5,0
663.5,0
791.5,0
791.5,0
791.5,0
791.5,0
855.5,0
855.5,0
855.5,0
855.5,0
855.5,0
919.5,0
919.5,0
1135,0
1135,0
1135,0
1135,0
1135,0
1199,0
1775,0
1967,0
1967,0
1967,0
1967,0
1967,0
1135.5,0
1135.5,0
1135.5,0
1135.5,0
1135.5,0
1135.5,0
1135.5,0
1135.5,0
1135.5,0
1199.5,0
1199.5,0
1199.5,0
1199.5,0
1775.5,0
1775.5,0
1775.5,0
1775.5,0
1775.5,0
1775.5,0
568,0
568,0
568,0
568,0
568,0
568,0
568,0
568,0
568,0
568,0
568,0
568,0
568,0
568,0
568,0
600,0
600,0
792,0
792,0
792,0
792,0
792,0
856,0
856,0
856,0
856,0
856,0
856,0
920,0
920,0
1136,0
1136,0
1136,0
1136,0
1136,0
1136,0
1136,0
1136,0
1136,0
1968,0
1968,0
1968,0
1136.5,0
1136.5,0
1136.5,0
1136.5,0
1136.5,0
1136.5,0
1136.5,0
1136.5,0
1136.5,0
1264.5,0
1968.5,0
1968.5,0
1968.5,0
568.5,0
568.5,0
568.5,0
568.5,0
568.5,0
568.5,0
568.5,0
568.5,0
568.5,0
568.5,0
568.5,0
568.5,0
568.5,0
568.5,0
568.5,0
568.5,0
664.5,0
664.5,0
792.5,0
792.5,0
792.5,0
792.5,0
856.5,0
920.5,0
920.5,0
920.5,0
1137,0
1137,0
1137,0
1137,0
1137,0
1201,0
1265,0
1777,0
1137.5,0
1137.5,0
1137.5,0
1137.5,0
1137.5,0
1137.5,0
1137.5,0
1201.5,0
1201.5,0
1265.5,0
1265.5,0
1969.5,0
1969.5,0
300.5,0
300.5,0
569,0
569,0
569,0
569,0
569,0
569,0
601,0
665,0
793,0
825,0
857,0
857,0
857,0
857,0
857,0
921,0
921,0
921,0
1138,0
1138,0
1138,0
1138.5,0
1778.5,0
569.5,0
569.5,0
569.5,0
569.5,0
569.5,0
601.5,0
793.5,0
793.5,0
857.5,0
857.5,0
921.5,0
921.5,0
921.5,0
921.5,0
921.5,0
921.5,0
921.5,0
1139,0
1139,0
1139,0
1139,0
1139,0
1139,0
1779,0
1971,0
1139.5,0
1139.5,0
1139.5,0
1139.5,0
1139.5,0
1139.5,0
1139.5,0
1139.5,0
1203.5,0
1203.5,0
1203.5,0
1203.5,0
1779.5,0
301,0
570,0
570,0
602,0
794,0
858,0
858,0
858,0
922,0
922,0
922,0
922,0
922,0
922,0
922,0
1140,0
1140,0
1140,0
1204,0
1204,0
1780,0
1972,0
1972,0
1140.5,0
1140.5,0
1140.5,0
1140.5,0
1140.5,0
1140.5,0
1204.5,0
1780.5,0
1780.5,0
1780.5,0
1780.5,0
1780.5,0
570.5,0
794.5,0
794.5,0
858.5,0
858.5,0
858.5,0
858.5,0
858.5,0
858.5,0
858.5,0
858.5,0
922.5,0
922.5,0
1141,0
1141,0
1141,0
1141,0
1205,0
1781,0
1781,0
1781,0
1781,0
1781,0
1781,0
1781,0
1973,0
1141.5,0
1141.5,0
1141.5,0
1781.5,0
1781.5,0
1781.5,0
285.5,0
301.5,0
317.5,0
571,0
571,0
571,0
571,0
603,0
795,0
827,0
827,0
859,0
923,0
923,0
923,0
923,0
923,0
923,0
1142,0
1142,0
1782,0
1782,0
1782,0
1782,0
1782,0
1782.5,0
1782.5,0
571.5,0
859.5,0
923.5,0
923.5,0
923.5,0
923.5,0
923.5,0
923.5,0
923.5,0
923.5,0
923.5,0
1143,0
1143,0
1143,0
1143,0
1783,0
1143.5,0
1143.5,0
1143.5,0
1143.5,0
1143.5,0
1143.5,0
1783.5,0
302,0
572,0
604,0
924,0
924,0
924,0
924,0
924,0
924,0
924,0
1144,0
1144,0
1144,0
1784,0
1144.5,0
1144.5,0
1144.5,0
1144.5,0
1144.5,0
1784.5,0
572.5,0
572.5,0
668.5,0
796.5,0
796.5,0
860.5,0
924.5,0
924.5,0
924.5,0
924.5,0
924.5,0
924.5,0
1145,0
1145,0
1145,0
1145,0
1785,0
1785,0
1785,0
1145.5,0
1785.5,0
302.5,0
302.5,0
302.5,0
573,0
573,0
605,0
797,0
797,0
925,0
925,0
925,0
1146,0
1210,0
1210,0
1210,0
1914,0
1146.5,0
1146.5,0
1146.5,0
1786.5,0
1786.5,0
1786.5,0
1786.5,0
1786.5,0
1786.5,0
541.5,0
541.5,0
573.5,0
573.5,0
573.5,0
573.5,0
573.5,0
573.5,0
605.5,0
861.5,0
1147,0
1147,0
1147,0
1787,0
1787,0
1787,0
1787.5,0
1787.5,0
303,0
303,0
542,0
542,0
542,0
542,0
574,0
798,0
830,0
830,0
830,0
830,0
862,0
862,0
862,0
926,0
1148,0
1788,0
1788,0
1788,0
1788,0
1788,0
1788,0
1788.5,0
1788.5,0
1788.5,0
1788.5,0
1788.5,0
1788.5,0
1788.5,0
1788.5,0
574.5,0
574.5,0
574.5,0
574.5,0
574.5,0
926.5,0
926.5,0
926.5,0
1789,0
1789,0
1789,0
1149.5,0
1789.5,0
1789.5,0
1789.5,0
287.5,0
303.5,0
303.5,0
543,0
543,0
575,0
575,0
607,0
703,0
863,0
863,0
863,0
927,0
927,0
1470,0
1470,0
1790,0
1790,0
1790.5,0
1790.5,0
1790.5,0
1790.5,0
543.5,0
543.5,0
671.5,0
927.5,0
927.5,0
927.5,0
1791,0
1791,0
1791,0
1791,0
1791,0
1791,0
1791,0
1791,0
1791,0
1791,0
1791,0
1663.5,0
1791.5,0
1791.5,0
1791.5,0
1791.5,0
1791.5,0
1791.5,0
1791.5,0
1791.5,0
1791.5,0
1791.5,0
1792.3,0
1792.3,0
1792.3,0
1792.3,0
288.2,0
544.4,0
672.4,0
704.4,0
704.4,0
704.4,0
704.4,0
832.4,0
864.4,0
928.4,0
928.4,0
928.4,0
928.4,0
1792.8,0
1793.3,0
1793.3,0
1793.3,0
1793.3,0
1793.3,0
1921.3,0
1921.3,0
608.9,0
704.9,0
864.9,0
864.9,0
928.9,0
1793.8,0
1793.8,0
1793.8,0
1794.3,0
1794.3,0
1794.3,0
1794.3,0
288.7,0
577.4,0
833.4,0
865.4,0
865.4,0
865.4,0
865.4,0
865.4,0
929.4,0
929.4,0
1794.8,0
1794.8,0
1794.8,0
1794.8,0
1155.3,0
1731.3,0
1795.3,0
577.9,0
705.9,0
705.9,0
705.9,0
865.9,0
929.9,0
1924.3,0
289.2,0
289.2,0
706.4,0
706.4,0
706.4,0
706.4,0
706.4,0
706.4,0
706.4,0
706.4,0
706.4,0
706.4,0
866.4,0
866.4,0
866.4,0
866.4,0
866.4,0
1796.8,0
578.9,0
578.9,0
706.9,0
706.9,0
706.9,0
706.9,0
706.9,0
706.9,0
706.9,0
706.9,0
706.9,0
770.9,0
866.9,0
1094.3,0
1926.3,0
289.7,0
305.7,0
579.4,0
707.4,0
707.4,0
707.4,0
707.4,0
707.4,0
707.4,0
835.4,0
835.4,0
867.4,0
1478.8,0
1670.8,0
1479.3,0
1479.3,0
1799.3,0
1927.3,0
579.9,0
579.9,0
707.9,0
707.9,0
707.9,0
1479.8,0
1479.8,0
1479.8,0
1479.8,0
1735.8,0
1799.8,0
1927.8,0
1927.8,0
1927.8,0
1480.3,0
1480.3,0
1480.3,0
1480.3,0
1480.3,0
1480.3,0
1480.3,0
1480.3,0
1736.3,0
1800.3,0
1800.3,0
290.2,0
580.4,0
580.4,0
580.4,0
580.4,0
708.4,0
708.4,0
708.4,0
708.4,0
708.4,0
708.4,0
708.4,0
708.4,0
708.4,0
708.4,0
836.4,0
1096.8,0
1672.8,0
1672.8,0
1800.8,0
1928.8,0
1481.3,0
708.9,0
708.9,0
708.9,0
708.9,0
708.9,0
708.9,0
708.9,0
708.9,0
708.9,0
836.9,0
836.9,0
836.9,0
868.9,0
868.9,0
868.9,0
1097.8,0
1482.3,0
1482.3,0
1482.3,0
1930.3,0
1930.3,0
274.7,0
274.7,0
274.7,0
290.7,0
306.7,0
306.7,0
306.7,0
581.4,0
581.4,0
581.4,0
581.4,0
581.4,0
709.4,0
709.4,0
709.4,0
709.4,0
837.4,0
869.4,0
1482.8,0
1482.8,0
1482.8,0
1482.8,0
1482.8,0
1482.8,0
1482.8,0
1482.8,0
1483.3,0
1483.3,0
1483.3,0
1483.3,0
1483.3,0
1483.3,0
1483.3,0
1483.3,0
1739.3,0
581.9,0
581.9,0
581.9,0
581.9,0
709.9,0
709.9,0
837.9,0
837.9,0
837.9,0
837.9,0
837.9,0
1099.8,0
1483.8,0
1483.8,0
1483.8,0
1483.8,0
1483.8,0
1484.3,0
1484.3,0
1484.3,0
1484.3,0
1932.3,0
1932.3,0
774.4,0
838.4,0
1484.8,0
1676.8,0
1932.8,0
1932.8,0
1101.3,0
1677.3,0
1933.3,0
1933.3,0
582.9,0
774.9,0
838.9,0
870.9,0
870.9,0
870.9,0
870.9,0
870.9,0
1485.8,0
1741.8,0
1933.8,0
1933.8,0
1934.3,0
1934.3,0
1934.3,0
1934.3,0
275.7,0
275.7,0
583.4,0
583.4,0
583.4,0
583.4,0
711.4,0
711.4,0
711.4,0
839.4,0
839.4,0
1678.8,0
1678.8,0
1487.3,0
1487.3,0
1679.3,0
1743.3,0
1743.3,0
1743.3,0
1935.3,0
1935.3,0
711.9,0
711.9,0
711.9,0
711.9,0
711.9,0
711.9,0
775.9,0
775.9,0
839.9,0
839.9,0
839.9,0
839.9,0
839.9,0
839.9,0
871.9,0
871.9,0
1423.8,0
1423.8,0
1423.8,0
1423.8,0
1423.8,0
1423.8,0
1104.3,0
1104.3,0
1104.3,0
1488.3,0
1488.3,0
1488.3,0
1488.3,0
292.2,0
712.4,0
712.4,0
712.4,0
712.4,0
712.4,0
712.4,0
712.4,0
712.4,0
776.4,0
840.4,0
840.4,0
840.4,0
1104.8,0
1424.8,0
1424.8,0
1936.8,0
1936.8,0
1425.3,0
1745.3,0
1937.3,0
1937.3,0
712.9,0
712.9,0
712.9,0
712.9,0
840.9,0
840.9,0
840.9,0
840.9,0
840.9,0
872.9,0
872.9,0
872.9,0
872.9,0
1105.8,0
1425.8,0
1425.8,0
1425.8,0
1425.8,0
1489.8,0
1745.8,0
1937.8,0
1106.3,0
1938.3,0
1938.3,0
292.7,0
292.7,0
585.4,0
585.4,0
585.4,0
585.4,0
713.4,0
713.4,0
713.4,0
713.4,0
713.4,0
713.4,0
713.4,0
713.4,0
713.4,0
713.4,0
841.4,0
841.4,0
841.4,0
841.4,0
841.4,0
1426.8,0
1426.8,0
1426.8,0
1746.8,0
1938.8,0
1938.8,0
1107.3,0
1427.3,0
1427.3,0
1427.3,0
1939.3,0
1939.3,0
553.9,0
585.9,0
713.9,0
713.9,0
713.9,0
713.9,0
777.9,0
841.9,0
841.9,0
1427.8,0
1427.8,0
1427.8,0
1427.8,0
1747.8,0
1428.3,0
1428.3,0
1684.3,0
293.2,0
293.2,0
554.4,0
714.4,0
1108.8,0
1428.8,0
1940.8,0
1940.8,0
1940.8,0
1940.8,0
1109.3,0
1109.3,0
1109.3,0
1429.3,0
1429.3,0
1685.3,0
1685.3,0
1749.3,0
1749.3,0
1749.3,0
554.9,0
554.9,0
554.9,0
586.9,0
586.9,0
586.9,0
778.9,0
842.9,0
842.9,0
842.9,0
842.9,0
842.9,0
842.9,0
842.9,0
842.9,0
842.9,0
1109.8,0
1109.8,0
1685.8,0
1685.8,0
1685.8,0
1685.8,0
1685.8,0
1749.8,0
1941.8,0
1941.8,0
1110.3,0
1110.3,0
1110.3,0
1110.3,0
1430.3,0
1430.3,0
1750.3,0
1750.3,0
1750.3,0
309.7,0
555.4,0
587.4,0
651.4,0
779.4,0
843.4,0
843.4,0
843.4,0
843.4,0
843.4,0
843.4,0
1110.8,0
1110.8,0
1750.8,0
587.9,0
587.9,0
587.9,0
651.9,0
779.9,0
779.9,0
779.9,0
843.9,0
843.9,0
843.9,0
843.9,0
843.9,0
843.9,0
875.9,0
875.9,0
875.9,0
1687.8,0
1752.3,0
1944.3,0
1944.3,0
588.4,0
780.4,0
780.4,0
780.4,0
844.4,0
844.4,0
844.4,0
844.4,0
844.4,0
844.4,0
844.4,0
1432.8,0
1432.8,0
1688.8,0
1688.8,0
1752.8,0
1113.3,0
1753.3,0
1753.3,0
588.9,0
588.9,0
588.9,0
588.9,0
844.9,0
844.9,0
844.9,0
844.9,0
844.9,0
844.9,0
844.9,0
1113.8,0
1689.8,0
1754.3,0
294.7,0
310.7,0
589.4,0
589.4,0
589.4,0
653.4,0
653.4,0
781.4,0
781.4,0
781.4,0
845.4,0
845.4,0
845.4,0
845.4,0
845.4,0
877.4,0
877.4,0
1434.8,0
1690.8,0
1690.8,0
1754.8,0
1754.8,0
1946.8,0
1115.3,0
1115.3,0
589.9,0
589.9,0
589.9,0
589.9,0
589.9,0
589.9,0
653.9,0
845.9,0
845.9,0
845.9,0
845.9,0
845.9,0
845.9,0
845.9,0
845.9,0
845.9,0
845.9,0
845.9,0
845.9,0
845.9,0
845.9,0
1691.8,0
1947.8,0
1947.8,0
1947.8,0
1947.8,0
1116.3,0
1692.3,0
1756.3,0
1756.3,0
1756.3,0
1948.3,0
1948.3,0
295.2,0
311.2,0
590.4,0
654.4,0
782.4,0
782.4,0
782.4,0
782.4,0
846.4,0
846.4,0
846.4,0
846.4,0
846.4,0
846.4,0
1116.8,0
1116.8,0
1116.8,0
1116.8,0
1756.8,0
1948.8,0
1948.8,0
1117.3,0
1117.3,0
1117.3,0
1949.3,0
1949.3,0
1949.3,0
590.9,0
590.9,0
654.9,0
654.9,0
782.9,0
846.9,0
846.9,0
846.9,0
846.9,0
846.9,0
846.9,0
846.9,0
846.9,0
846.9,0
846.9,0
846.9,0
1117.8,0
1245.8,0
1757.8,0
1757.8,0
1118.3,0
1246.3,0
1246.3,0
1950.3,0
295.7,0
311.7,0
591.4,0
591.4,0
655.4,0
847.4,0
847.4,0
847.4,0
847.4,0
1118.8,0
1758.8,0
1759.3,0
1759.3,0
1759.3,0
1759.3,0
1951.3,0
591.9,0
591.9,0
655.9,0
655.9,0
655.9,0
783.9,0
783.9,0
783.9,0
847.9,0
847.9,0
847.9,0
847.9,0
847.9,0
847.9,0
847.9,0
1119.8,0
1119.8,0
1759.8,0
1759.8,0
1951.8,0
1120.3,0
1760.3,0
1952.3,0
296.2,0
560.4,0
720.4,0
720.4,0
784.4,0
784.4,0
848.4,0
848.4,0
1760.8,0
1952.8,0
1952.8,0
1952.8,0
1952.8,0
560.9,0
560.9,0
560.9,0
560.9,0
592.9,0
592.9,0
720.9,0
720.9,0
720.9,0
848.9,0
848.9,0
848.9,0
848.9,0
848.9,0
848.9,0
1953.8,0
1953.8,0
1122.3,0
1122.3,0
1122.3,0
1122.3,0
1122.3,0
1122.3,0
1698.3,0
1762.3,0
1762.3,0
1954.3,0
296.7,0
312.7,0
312.7,0
561.4,0
561.4,0
593.4,0
657.4,0
721.4,0
721.4,0
721.4,0
785.4,0
785.4,0
785.4,0
1122.8,0
1762.8,0
1954.8,0
1954.8,0
1954.8,0
1123.3,0
1955.3,0
1955.3,0
1955.3,0
561.9,0
561.9,0
561.9,0
593.9,0
657.9,0
849.9,0
849.9,0
1123.8,0
1123.8,0
1123.8,0
1123.8,0
1955.8,0
1955.8,0
1955.8,0
1955.8,0
1124.3,0
1124.3,0
1124.3,0
1124.3,0
1956.3,0
297.2,0
313.2,0
562.4,0
562.4,0
562.4,0
562.4,0
562.4,0
562.4,0
594.4,0
594.4,0
658.4,0
786.4,0
786.4,0
850.4,0
850.4,0
1124.8,0
1124.8,0
1124.8,0
1956.8,0
1956.8,0
1125.3,0
1957.3,0
1957.3,0
1957.3,0
1957.3,0
562.9,0
562.9,0
562.9,0
562.9,0
562.9,0
562.9,0
562.9,0
562.9,0
658.9,0
658.9,0
850.9,0
850.9,0
850.9,0
850.9,0
850.9,0
850.9,0
850.9,0
1125.8,0
1125.8,0
1125.8,0
1189.8,0
1126.3,0
1126.3,0
1126.3,0
1766.3,0
1958.3,0
313.7,0
563.4,0
595.4,0
659.4,0
787.4,0
787.4,0
787.4,0
851.4,0
851.4,0
851.4,0
851.4,0
1126.8,0
1126.8,0
1126.8,0
1958.8,0
1127.3,0
1127.3,0
1127.3,0
1127.3,0
1959.3,0
563.9,0
563.9,0
563.9,0
563.9,0
563.9,0
563.9,0
563.9,0
563.9,0
595.9,0
595.9,0
659.9,0
659.9,0
787.9,0
851.9,0
851.9,0
1127.8,0
1127.8,0
1255.8,0
1255.8,0
1255.8,0
1255.8,0
1255.8,0
1255.8,0
1255.8,0
1255.8,0
1255.8,0
1767.8,0
1959.8,0
1959.8,0
1128.3,0
1256.3,0
1256.3,0
1256.3,0
1256.3,0
1256.3,0
1256.3,0
1256.3,0
1256.3,0
1256.3,0
1256.3,0
1256.3,0
1256.3,0
1256.3,0
1256.3,0
1768.3,0
1960.3,0
1960.3,0
1960.3,0
282.2,0
282.2,0
564.4,0
596.4,0
596.4,0
660.4,0
660.4,0
660.4,0
660.4,0
660.4,0
788.4,0
788.4,0
788.4,0
788.4,0
788.4,0
852.4,0
852.4,0
852.4,0
852.4,0
852.4,0
852.4,0
852.4,0
852.4,0
852.4,0
852.4,0
852.4,0
1256.8,0
1256.8,0
1256.8,0
1960.8,0
1960.8,0
1960.8,0
1960.8,0
1961.3,0
1961.3,0
1961.3,0
1961.3,0
1961.3,0
1961.3,0
564.9,0
564.9,0
564.9,0
564.9,0
564.9,0
564.9,0
596.9,0
660.9,0
660.9,0
788.9,0
788.9,0
788.9,0
852.9,0
852.9,0
852.9,0
852.9,0
1129.8,0
1129.8,0
1129.8,0
1129.8,0
1129.8,0
1193.8,0
1257.8,0
1961.8,0
1961.8,0
1961.8,0
1961.8,0
1961.8,0
1130.3,0
1130.3,0
1130.3,0
1130.3,0
1194.3,0
1194.3,0
1194.3,0
1258.3,0
1258.3,0
1258.3,0
1258.3,0
1962.3,0
1962.3,0
565.4,0
565.4,0
565.4,0
565.4,0
565.4,0
565.4,0
565.4,0
597.4,0
789.4,0
853.4,0
853.4,0
853.4,0
853.4,0
853.4,0
885.4,0
885.4,0
1130.8,0
1130.8,0
1130.8,0
1130.8,0
1130.8,0
1130.8,0
1130.8,0
1130.8,0
1130.8,0
1130.8,0
1130.8,0
1130.8,0
1130.8,0
1130.8,0
1130.8,0
1258.8,0
1258.8,0
1258.8,0
1258.8,0
1258.8,0
1962.8,0
1962.8,0
1131.3,0
1131.3,0
1131.3,0
1131.3,0
1131.3,0
1131.3,0
1131.3,0
1259.3,0
1259.3,0
1259.3,0
1259.3,0
1259.3,0
1259.3,0
565.9,0
565.9,0
565.9,0
565.9,0
565.9,0
565.9,0
565.9,0
565.9,0
565.9,0
565.9,0
565.9,0
565.9,0
565.9,0
565.9,0
565.9,0
565.9,0
565.9,0
565.9,0
565.9,0
565.9,0
565.9,0
565.9,0
565.9,0
565.9,0
565.9,0
565.9,0
565.9,0
597.9,0
789.9,0
789.9,0
853.9,0
853.9,0
853.9,0
853.9,0
917.9,0
917.9,0
1131.8,0
1131.8,0
1131.8,0
1131.8,0
1131.8,0
1131.8,0
1131.8,0
1131.8,0
1259.8,0
1259.8,0
1259.8,0
1259.8,0
1259.8,0
1259.8,0
1259.8,0
1259.8,0
1259.8,0
1259.8,0
1259.8,0
1259.8,0
1963.8,0
1963.8,0
1132.3,0
1132.3,0
1132.3,0
1132.3,0
1260.3,0
1260.3,0
1260.3,0
1260.3,0
1260.3,0
1260.3,0
1260.3,0
1260.3,0
1260.3,0
1260.3,0
1260.3,0
1260.3,0
1260.3,0
1772.3,0
1772.3,0
1964.3,0
1964.3,0
1964.3,0
1964.3,0
30.7,0
299.2,0
299.2,0
566.4,0
566.4,0
566.4,0
566.4,0
566.4,0
566.4,0
566.4,0
566.4,0
566.4,0
598.4,0
598.4,0
598.4,0
790.4,0
790.4,0
790.4,0
854.4,0
854.4,0
854.4,0
854.4,0
1132.8,0
1132.8,0
1132.8,0
1132.8,0
1132.8,0
1132.8,0
1132.8,0
1260.8,0
1260.8,0
1260.8,0
1260.8,0
1772.8,0
1964.8,0
1964.8,0
1133.3,0
1133.3,0
1133.3,0
1133.3,0
1133.3,0
1133.3,0
1133.3,0
1133.3,0
1133.3,0
1133.3,0
1133.3,0
1133.3,0
1965.3,0
1965.3,0
1965.3,0
566.9,0
566.9,0
566.9,0
566.9,0
566.9,0
566.9,0
566.9,0
566.9,0
566.9,0
566.9,0
566.9,0
566.9,0
566.9,0
566.9,0
566.9,0
566.9,0
566.9,0
566.9,0
598.9,0
598.9,0
662.9,0
790.9,0
790.9,0
854.9,0
854.9,0
854.9,0
854.9,0
854.9,0
854.9,0
1133.8,0
1133.8,0
1133.8,0
1133.8,0
1133.8,0
1133.8,0
1133.8,0
1133.8,0
1133.8,0
1133.8,0
1133.8,0
1197.8,0
1197.8,0
1773.8,0
1965.8,0
1134.3,0
1134.3,0
1134.3,0
1198.3,0
1198.3,0
1198.3,0
1774.3,0
1774.3,0
1966.3,0
1966.3,0
299.7,0
567.4,0
567.4,0
567.4,0
567.4,0
567.4,0
567.4,0
567.4,0
567.4,0
567.4,0
567.4,0
663.4,0
791.4,0
791.4,0
823.4,0
855.4,0
855.4,0
855.4,0
855.4,0
855.4,0
855.4,0
855.4,0
855.4,0
855.4,0
855.4,0
919.4,0
1134.8,0
1134.8,0
1134.8,0
1134.8,0
1134.8,0
1134.8,0
1134.8,0
1134.8,0
1134.8,0
1134.8,0
1134.8,0
1134.8,0
1198.8,0
1774.8,0
1774.8,0
1966.8,0
1966.8,0
1135.3,0
1135.3,0
1775.3,0
1775.3,0
1775.3,0
1967.3,0
1967.3,0
567.9,0
567.9,0
567.9,0
567.9,0
567.9,0
567.9,0
567.9,0
567.9,0
567.9,0
567.9,0
567.9,0
567.9,0
567.9,0
567.9,0
567.9,0
567.9,0
791.9,0
855.9,0
855.9,0
855.9,0
855.9,0
855.9,0
919.9,0
919.9,0
1135.8,0
1135.8,0
1135.8,0
1135.8,0
1135.8,0
1199.8,0
1199.8,0
1199.8,0
1775.8,0
1775.8,0
1775.8,0
1967.8,0
1967.8,0
1967.8,0
1136.3,0
1136.3,0
1136.3,0
1136.3,0
1136.3,0
1136.3,0
1136.3,0
1136.3,0
1136.3,0
1264.3,0
1968.3,0
300.2,0
300.2,0
300.2,0
568.4,0
568.4,0
568.4,0
568.4,0
568.4,0
568.4,0
568.4,0
568.4,0
568.4,0
568.4,0
568.4,0
568.4,0
568.4,0
568.4,0
792.4,0
792.4,0
792.4,0
792.4,0
792.4,0
856.4,0
856.4,0
920.4,0
1136.8,0
1136.8,0
1136.8,0
1136.8,0
1136.8,0
1776.8,0
1776.8,0
1968.8,0
1137.3,0
1137.3,0
1137.3,0
1137.3,0
1137.3,0
1137.3,0
1137.3,0
1137.3,0
1137.3,0
1137.3,0
1265.3,0
1265.3,0
1265.3,0
1265.3,0
1777.3,0
568.9,0
568.9,0
568.9,0
568.9,0
568.9,0
568.9,0
600.9,0
664.9,0
856.9,0
856.9,0
920.9,0
920.9,0
920.9,0
920.9,0
920.9,0
1137.8,0
1137.8,0
1137.8,0
1265.8,0
1265.8,0
1265.8,0
1265.8,0
1265.8,0
1265.8,0
1969.8,0
1138.3,0
1266.3,0
300.7,0
300.7,0
569.4,0
569.4,0
569.4,0
601.4,0
601.4,0
793.4,0
793.4,0
921.4,0
921.4,0
1138.8,0
1138.8,0
1138.8,0
1138.8,0
1138.8,0
1138.8,0
1778.8,0
1139.3,0
1139.3,0
1203.3,0
1203.3,0
1779.3,0
1779.3,0
569.9,0
569.9,0
601.9,0
793.9,0
857.9,0
857.9,0
857.9,0
857.9,0
857.9,0
857.9,0
921.9,0
1139.8,0
1139.8,0
1139.8,0
1203.8,0
1203.8,0
1203.8,0
1203.8,0
1140.3,0
1140.3,0
1140.3,0
1140.3,0
1140.3,0
1204.3,0
1204.3,0
1780.3,0
1972.3,0
285.2,0
301.2,0
301.2,0
570.4,0
570.4,0
570.4,0
794.4,0
826.4,0
858.4,0
858.4,0
858.4,0
858.4,0
858.4,0
858.4,0
858.4,0
858.4,0
922.4,0
922.4,0
922.4,0
922.4,0
1140.8,0
1140.8,0
1140.8,0
1140.8,0
1140.8,0
1140.8,0
1140.8,0
1140.8,0
1140.8,0
1140.8,0
1140.8,0
1140.8,0
1204.8,0
1204.8,0
1204.8,0
1204.8,0
1780.8,0
1780.8,0
1780.8,0
1780.8,0
1780.8,0
1141.3,0
1141.3,0
1781.3,0
1781.3,0
1781.3,0
1781.3,0
1781.3,0
1973.3,0
570.9,0
570.9,0
570.9,0
570.9,0
570.9,0
570.9,0
570.9,0
570.9,0
570.9,0
794.9,0
826.9,0
858.9,0
858.9,0
858.9,0
858.9,0
858.9,0
858.9,0
858.9,0
858.9,0
922.9,0
922.9,0
922.9,0
1141.8,0
1141.8,0
1141.8,0
1141.8,0
1781.8,0
1781.8,0
1781.8,0
1142.3,0
1142.3,0
1782.3,0
1782.3,0
1782.3,0
1782.3,0
1782.3,0
301.7,0
571.4,0
571.4,0
571.4,0
667.4,0
859.4,0
859.4,0
923.4,0
923.4,0
923.4,0
923.4,0
923.4,0
923.4,0
1782.8,0
1782.8,0
1143.3,0
1143.3,0
1783.3,0
1783.3,0
1783.3,0
1783.3,0
1783.3,0
795.9,0
859.9,0
859.9,0
859.9,0
923.9,0
923.9,0
923.9,0
923.9,0
923.9,0
1143.8,0
1783.8,0
1144.3,0
1144.3,0
1784.3,0
286.2,0
286.2,0
302.2,0
572.4,0
860.4,0
860.4,0
924.4,0
924.4,0
924.4,0
1144.8,0
1144.8,0
1144.8,0
1145.3,0
1145.3,0
1145.3,0
572.9,0
572.9,0
572.9,0
572.9,0
572.9,0
796.9,0
828.9,0
860.9,0
860.9,0
860.9,0
924.9,0
924.9,0
1145.8,0
1145.8,0
1145.8,0
1145.8,0
1209.8,0
1913.8,0
1146.3,0
1146.3,0
1146.3,0
1786.3,0
1786.3,0
1786.3,0
302.7,0
302.7,0
573.4,0
829.4,0
861.4,0
925.4,0
1786.8,0
1786.8,0
1786.8,0
1786.8,0
1786.8,0
1786.8,0
1147.3,0
1787.3,0
1787.3,0
829.9,0
829.9,0
1147.8,0
1787.8,0
1787.8,0
1788.3,0
1788.3,0
1788.3,0
1788.3,0
1788.3,0
1788.3,0
39.9,0
303.2,0
303.2,0
574.4,0
574.4,0
830.4,0
830.4,0
830.4,0
830.4,0
830.4,0
830.4,0
830.4,0
830.4,0
830.4,0
862.4,0
862.4,0
862.4,0
862.4,0
1788.8,0
1788.8,0
1788.8,0
1788.8,0
1149.3,0
1789.3,0
1789.3,0
1789.3,0
606.9,0
830.9,0
862.9,0
926.9,0
1149.8,0
1149.8,0
1469.8,0
1789.8,0
1789.8,0
1789.8,0
1789.8,0
1150.3,0
1150.3,0
1150.3,0
1150.3,0
303.7,0
303.7,0
543.4,0
575.4,0
575.4,0
703.4,0
703.4,0
703.4,0
927.4,0
927.4,0
927.4,0
927.4,0
927.4,0
927.4,0
1150.8,0
1662.8,0
1790.8,0
1790.8,0
1151.3,0
1151.3,0
1471.3,0
1791.3,0
1791.3,0
1791.3,0
1791.3,0
1791.3,0
1791.3,0
543.9,0
671.9,0
703.9,0
703.9,0
703.9,0
703.9,0
703.9,0
703.9,0
831.9,0
863.9,0
863.9,0
863.9,0
927.9,0
927.9,0
927.9,0
1151.8,0
1791.8,0
1791.8,0
1791.8,0
1791.8,0
1792.1,0
1792.1,0
608.3,0
704.3,0
864.3,0
928.3,0
928.3,0
928.3,0
928.3,0
928.3,0
928.3,0
928.3,0
928.3,0
1152.6,0
1792.6,0
1792.6,0
1792.6,0
1089.1,0
1793.1,0
1793.1,0
1921.1,0
288.4,0
288.4,0
288.4,0
288.4,0
576.8,0
576.8,0
704.8,0
704.8,0
768.8,0
864.8,0
928.8,0
928.8,0
1793.6,0
1793.6,0
1793.6,0
1793.6,0
1794.1,0
1794.1,0
1794.1,0
705.3,0
705.3,0
865.3,0
929.3,0
1794.6,0
1794.6,0
1794.6,0
1794.6,0
1922.6,0
1795.1,0
1795.1,0
1795.1,0
288.9,0
288.9,0
577.8,0
705.8,0
705.8,0
705.8,0
833.8,0
865.8,0
865.8,0
1795.6,0
1796.1,0
546.3,0
578.3,0
578.3,0
578.3,0
706.3,0
706.3,0
866.3,0
930.3,0
1796.6,0
1796.6,0
1797.1,0
289.4,0
578.8,0
706.8,0
706.8,0
866.8,0
866.8,0
1413.6,0
1413.6,0
1734.1,0
707.3,0
707.3,0
707.3,0
707.3,0
707.3,0
803.3,0
835.3,0
835.3,0
835.3,0
867.3,0
867.3,0
867.3,0
867.3,0
1670.6,0
1734.6,0
1926.6,0
1926.6,0
289.9,0
289.9,0
579.8,0
707.8,0
707.8,0
707.8,0
707.8,0
707.8,0
707.8,0
707.8,0
707.8,0
707.8,0
835.8,0
835.8,0
867.8,0
867.8,0
1479.6,0
1479.6,0
1479.6,0
1735.6,0
1480.1,0
1480.1,0
1480.1,0
1480.1,0
1800.1,0
1800.1,0
580.3,0
580.3,0
580.3,0
580.3,0
708.3,0
708.3,0
708.3,0
708.3,0
708.3,0
708.3,0
868.3,0
868.3,0
1480.6,0
1480.6,0
1672.6,0
1672.6,0
1672.6,0
1736.6,0
1800.6,0
1800.6,0
1481.1,0
1481.1,0
1481.1,0
306.4,0
580.8,0
580.8,0
580.8,0
580.8,0
708.8,0
708.8,0
708.8,0
708.8,0
708.8,0
708.8,0
708.8,0
708.8,0
836.8,0
836.8,0
868.8,0
1481.6,0
1481.6,0
1481.6,0
1481.6,0
1929.6,0
1482.1,0
1482.1,0
1482.1,0
1482.1,0
1482.1,0
581.3,0
581.3,0
581.3,0
581.3,0
581.3,0
581.3,0
581.3,0
709.3,0
709.3,0
709.3,0
709.3,0
709.3,0
709.3,0
709.3,0
709.3,0
709.3,0
709.3,0
837.3,0
837.3,0
869.3,0
869.3,0
869.3,0
1482.6,0
1482.6,0
1482.6,0
1482.6,0
1482.6,0
1482.6,0
1674.6,0
1930.6,0
1483.1,0
1483.1,0
1483.1,0
1483.1,0
1483.1,0
581.8,0
581.8,0
581.8,0
581.8,0
581.8,0
709.8,0
709.8,0
709.8,0
709.8,0
709.8,0
837.8,0
1483.6,0
1483.6,0
1483.6,0
1483.6,0
1483.6,0
1483.6,0
1483.6,0
1483.6,0
1931.6,0
1484.1,0
1676.1,0
582.3,0
582.3,0
582.3,0
710.3,0
710.3,0
838.3,0
838.3,0
838.3,0
838.3,0
870.3,0
1484.6,0
1676.6,0
1485.1,0
1485.1,0
307.4,0
307.4,0
710.8,0
710.8,0
710.8,0
838.8,0
870.8,0
870.8,0
1677.6,0
1933.6,0
1934.1,0
583.3,0
583.3,0
583.3,0
583.3,0
839.3,0
839.3,0
871.3,0
871.3,0
935.3,0
935.3,0
1678.6,0
1678.6,0
291.9,0
551.8,0
551.8,0
583.8,0
711.8,0
711.8,0
711.8,0
711.8,0
711.8,0
839.8,0
871.8,0
871.8,0
935.8,0
1423.6,0
1423.6,0
1487.6,0
1487.6,0
1743.6,0
1743.6,0
1935.6,0
1104.1,0
1104.1,0
1104.1,0
1104.1,0
1488.1,0
1488.1,0
1680.1,0
584.3,0
584.3,0
712.3,0
712.3,0
712.3,0
712.3,0
712.3,0
776.3,0
776.3,0
840.3,0
840.3,0
936.3,0
1680.6,0
1680.6,0
1936.6,0
1937.1,0
292.4,0
584.8,0
584.8,0
584.8,0
584.8,0
712.8,0
712.8,0
712.8,0
712.8,0
712.8,0
712.8,0
712.8,0
776.8,0
776.8,0
840.8,0
872.8,0
872.8,0
872.8,0
1105.6,0
1105.6,0
1489.6,0
1106.1,0
1106.1,0
1682.1,0
1938.1,0
1938.1,0
553.3,0
713.3,0
713.3,0
713.3,0
841.3,0
841.3,0
841.3,0
873.3,0
1938.6,0
1747.1,0
292.9,0
292.9,0
585.8,0
585.8,0
585.8,0
713.8,0
713.8,0
841.8,0
841.8,0
841.8,0
841.8,0
841.8,0
841.8,0
873.8,0
937.8,0
1427.6,0
1427.6,0
1427.6,0
1427.6,0
1683.6,0
1683.6,0
1683.6,0
1683.6,0
1939.6,0
1940.1,0
554.3,0
554.3,0
554.3,0
778.3,0
778.3,0
842.3,0
842.3,0
842.3,0
842.3,0
1684.6,0
1109.1,0
1429.1,0
1749.1,0
1749.1,0
1941.1,0
554.8,0
554.8,0
586.8,0
586.8,0
586.8,0
586.8,0
842.8,0
874.8,0
874.8,0
874.8,0
874.8,0
1109.6,0
1109.6,0
1109.6,0
1685.6,0
1685.6,0
1941.6,0
1941.6,0
1110.1,0
1110.1,0
1110.1,0
1686.1,0
1750.1,0
1750.1,0
1750.1,0
1942.1,0
1942.1,0
1942.1,0
555.3,0
555.3,0
555.3,0
587.3,0
587.3,0
779.3,0
843.3,0
843.3,0
843.3,0
843.3,0
843.3,0
843.3,0
843.3,0
843.3,0
875.3,0
875.3,0
1110.6,0
1110.6,0
1110.6,0
1686.6,0
1750.6,0
1111.1,0
1111.1,0
1111.1,0
1687.1,0
1751.1,0
555.8,0
587.8,0
779.8,0
843.8,0
843.8,0
843.8,0
843.8,0
843.8,0
1751.6,0
1688.1,0
1752.1,0
1752.1,0
1752.1,0
1752.1,0
588.3,0
588.3,0
780.3,0
780.3,0
844.3,0
844.3,0
844.3,0
844.3,0
844.3,0
844.3,0
844.3,0
844.3,0
876.3,0
876.3,0
1688.6,0
1113.1,0
31.4,0
588.8,0
652.8,0
844.8,0
844.8,0
844.8,0
876.8,0
876.8,0
908.8,0
908.8,0
1945.6,0
1114.1,0
1690.1,0
589.3,0
653.3,0
781.3,0
845.3,0
845.3,0
909.3,0
1754.6,0
1754.6,0
1754.6,0
1754.6,0
1754.6,0
1115.1,0
1115.1,0
1691.1,0
1755.1,0
1755.1,0
1755.1,0
1755.1,0
1755.1,0
1755.1,0
294.9,0
310.9,0
589.8,0
589.8,0
781.8,0
845.8,0
845.8,0
845.8,0
845.8,0
845.8,0
845.8,0
845.8,0
845.8,0
845.8,0
845.8,0
845.8,0
845.8,0
877.8,0
877.8,0
877.8,0
1115.6,0
1691.6,0
1691.6,0
1692.1,0
1692.1,0
1756.1,0
1948.1,0
1948.1,0
558.3,0
590.3,0
590.3,0
590.3,0
590.3,0
590.3,0
782.3,0
782.3,0
846.3,0
846.3,0
846.3,0
846.3,0
846.3,0
846.3,0
1116.6,0
1116.6,0
1756.6,0
1756.6,0
1756.6,0
1948.6,0
1117.1,0
1117.1,0
1693.1,0
1693.1,0
1757.1,0
1949.1,0
1949.1,0
1949.1,0
311.4,0
558.8,0
558.8,0
590.8,0
782.8,0
782.8,0
782.8,0
846.8,0
846.8,0
846.8,0
846.8,0
846.8,0
1245.6,0
1757.6,0
1757.6,0
1949.6,0
1949.6,0
1758.1,0
1950.1,0
559.3,0
559.3,0
591.3,0
591.3,0
591.3,0
655.3,0
655.3,0
655.3,0
783.3,0
783.3,0
783.3,0
783.3,0
847.3,0
847.3,0
847.3,0
847.3,0
847.3,0
879.3,0
1118.6,0
1950.6,0
1183.1,0
1951.1,0
311.9,0
311.9,0
591.8,0
719.8,0
783.8,0
783.8,0
847.8,0
847.8,0
847.8,0
847.8,0
847.8,0
847.8,0
847.8,0
847.8,0
847.8,0
847.8,0
847.8,0
847.8,0
879.8,0
1119.6,0
1759.6,0
1759.6,0
1759.6,0
1120.1,0
1952.1,0
560.3,0
560.3,0
560.3,0
592.3,0
592.3,0
592.3,0
592.3,0
592.3,0
592.3,0
656.3,0
784.3,0
848.3,0
848.3,0
1760.6,0
1121.1,0
1121.1,0
1761.1,0
1953.1,0
1953.1,0
1953.1,0
1953.1,0
296.4,0
312.4,0
592.8,0
592.8,0
592.8,0
784.8,0
848.8,0
848.8,0
1953.6,0
1953.6,0
1122.1,0
1762.1,0
1762.1,0
1954.1,0
1954.1,0
1954.1,0
561.3,0
593.3,0
593.3,0
657.3,0
785.3,0
849.3,0
849.3,0
1122.6,0
1954.6,0
1954.6,0
1123.1,0
1123.1,0
1763.1,0
1763.1,0
1955.1,0
1955.1,0
296.9,0
296.9,0
312.9,0
312.9,0
561.8,0
561.8,0
561.8,0
561.8,0
593.8,0
657.8,0
657.8,0
657.8,0
657.8,0
657.8,0
785.8,0
849.8,0
849.8,0
849.8,0
849.8,0
849.8,0
849.8,0
1123.6,0
1123.6,0
1123.6,0
1123.6,0
1123.6,0
1123.6,0
1123.6,0
1763.6,0
1955.6,0
1955.6,0
1956.1,0
562.3,0
562.3,0
562.3,0
562.3,0
562.3,0
562.3,0
594.3,0
658.3,0
658.3,0
786.3,0
786.3,0
786.3,0
850.3,0
1124.6,0
1124.6,0
1124.6,0
1956.6,0
1956.6,0
1956.6,0
1125.1,0
1125.1,0
1125.1,0
1125.1,0
1125.1,0
1765.1,0
1765.1,0
1957.1,0
1957.1,0
1957.1,0
313.4,0
313.4,0
562.8,0
562.8,0
562.8,0
562.8,0
562.8,0
562.8,0
562.8,0
594.8,0
786.8,0
850.8,0
1189.6,0
1957.6,0
1126.1,0
1126.1,0
1126.1,0
1958.1,0
531.3,0
563.3,0
563.3,0
563.3,0
563.3,0
595.3,0
595.3,0
595.3,0
595.3,0
659.3,0
659.3,0
787.3,0
787.3,0
787.3,0
787.3,0
1126.6,0
1126.6,0
1126.6,0
1126.6,0
1126.6,0
1126.6,0
1958.6,0
1958.6,0
1958.6,0
1255.1,0
1255.1,0
1767.1,0
1767.1,0
1959.1,0
563.8,0
563.8,0
595.8,0
659.8,0
659.8,0
659.8,0
787.8,0
787.8,0
787.8,0
787.8,0
787.8,0
787.8,0
787.8,0
851.8,0
1127.6,0
1127.6,0
1127.6,0
1127.6,0
1127.6,0
1255.6,0
1255.6,0
1255.6,0
1767.6,0
1767.6,0
1959.6,0
1959.6,0
1128.1,0
1128.1,0
1128.1,0
1256.1,0
1256.1,0
1256.1,0
1256.1,0
1256.1,0
1256.1,0
1768.1,0
1768.1,0
1768.1,0
1960.1,0
564.3,0
564.3,0
660.3,0
660.3,0
660.3,0
660.3,0
660.3,0
660.3,0
788.3,0
788.3,0
852.3,0
852.3,0
852.3,0
852.3,0
1128.6,0
1256.6,0
1256.6,0
1768.6,0
1960.6,0
1960.6,0
1129.1,0
1129.1,0
1129.1,0
1193.1,0
1193.1,0
1257.1,0
1257.1,0
1961.1,0
1961.1,0
1961.1,0
1961.1,0
1961.1,0
1961.1,0
282.4,0
298.4,0
564.8,0
564.8,0
564.8,0
564.8,0
596.8,0
596.8,0
660.8,0
788.8,0
788.8,0
788.8,0
788.8,0
852.8,0
852.8,0
852.8,0
852.8,0
852.8,0
852.8,0
1129.6,0
1257.6,0
1257.6,0
1257.6,0
1961.6,0
1961.6,0
1961.6,0
1961.6,0
1961.6,0
1130.1,0
1258.1,0
1258.1,0
1962.1,0
1962.1,0
1962.1,0
565.3,0
565.3,0
565.3,0
565.3,0
565.3,0
597.3,0
597.3,0
789.3,0
789.3,0
853.3,0
853.3,0
853.3,0
853.3,0
853.3,0
853.3,0
853.3,0
853.3,0
853.3,0
853.3,0
853.3,0
917.3,0
917.3,0
1130.6,0
1130.6,0
1130.6,0
1130.6,0
1130.6,0
1130.6,0
1130.6,0
1130.6,0
1258.6,0
1258.6,0
1962.6,0
1962.6,0
1962.6,0
1131.1,0
1131.1,0
1131.1,0
1131.1,0
1131.1,0
1131.1,0
1131.1,0
1259.1,0
1259.1,0
1259.1,0
1963.1,0
298.9,0
298.9,0
314.9,0
565.8,0
565.8,0
565.8,0
565.8,0
565.8,0
565.8,0
565.8,0
565.8,0
565.8,0
565.8,0
565.8,0
597.8,0
693.8,0
789.8,0
789.8,0
853.8,0
853.8,0
853.8,0
917.8,0
917.8,0
1131.6,0
1131.6,0
1131.6,0
1131.6,0
1259.6,0
1259.6,0
1259.6,0
1259.6,0
1259.6,0
1259.6,0
1259.6,0
1259.6,0
1259.6,0
1259.6,0
1259.6,0
1259.6,0
1963.6,0
1963.6,0
1963.6,0
1963.6,0
1963.6,0
1963.6,0
1963.6,0
1132.1,0
1132.1,0
1132.1,0
1132.1,0
1132.1,0
1132.1,0
1132.1,0
1132.1,0
1260.1,0
1260.1,0
1260.1,0
1260.1,0
1260.1,0
1260.1,0
1260.1,0
1260.1,0
1260.1,0
1260.1,0
1260.1,0
1260.1,0
1260.1,0
1964.1,0
1964.1,0
1964.1,0
1964.1,0
1964.1,0
1964.1,0
566.3,0
566.3,0
566.3,0
566.3,0
566.3,0
566.3,0
566.3,0
566.3,0
566.3,0
566.3,0
566.3,0
566.3,0
598.3,0
662.3,0
694.3,0
854.3,0
854.3,0
854.3,0
854.3,0
854.3,0
1132.6,0
1132.6,0
1132.6,0
1260.6,0
1260.6,0
1260.6,0
1260.6,0
1260.6,0
1260.6,0
1260.6,0
1260.6,0
1260.6,0
1772.6,0
1964.6,0
1964.6,0
1133.1,0
1133.1,0
1133.1,0
1133.1,0
1197.1,0
1197.1,0
1261.1,0
1261.1,0
1261.1,0
1261.1,0
1261.1,0
1261.1,0
1261.1,0
1965.1,0
566.8,0
566.8,0
566.8,0
566.8,0
566.8,0
566.8,0
566.8,0
566.8,0
566.8,0
566.8,0
566.8,0
566.8,0
566.8,0
598.8,0
598.8,0
662.8,0
694.8,0
790.8,0
790.8,0
854.8,0
854.8,0
854.8,0
854.8,0
854.8,0
854.8,0
854.8,0
1133.6,0
1133.6,0
1133.6,0
1133.6,0
1133.6,0
1197.6,0
1261.6,0
1965.6,0
1134.1,0
1134.1,0
1134.1,0
1134.1,0
1134.1,0
1134.1,0
1134.1,0
1198.1,0
1966.1,0
1966.1,0
1966.1,0
1966.1,0
567.3,0
567.3,0
567.3,0
567.3,0
567.3,0
567.3,0
567.3,0
567.3,0
567.3,0
567.3,0
567.3,0
567.3,0
567.3,0
599.3,0
599.3,0
599.3,0
791.3,0
791.3,0
791.3,0
855.3,0
855.3,0
855.3,0
855.3,0
855.3,0
855.3,0
855.3,0
855.3,0
855.3,0
887.3,0
919.3,0
919.3,0
1134.6,0
1134.6,0
1134.6,0
1134.6,0
1134.6,0
1134.6,0
1134.6,0
1134.6,0
1134.6,0
1966.6,0
1966.6,0
1135.1,0
1135.1,0
1135.1,0
1135.1,0
1135.1,0
1135.1,0
1135.1,0
1135.1,0
1135.1,0
1199.1,0
1199.1,0
1775.1,0
1775.1,0
1775.1,0
1775.1,0
1775.1,0
1967.1,0
1967.1,0
1967.1,0
1967.1,0
1967.1,0
567.8,0
567.8,0
567.8,0
567.8,0
567.8,0
567.8,0
567.8,0
567.8,0
567.8,0
567.8,0
567.8,0
567.8,0
567.8,0
567.8,0
567.8,0
567.8,0
567.8,0
567.8,0
567.8,0
567.8,0
567.8,0
567.8,0
567.8,0
567.8,0
599.8,0
663.8,0
663.8,0
791.8,0
919.8,0
919.8,0
919.8,0
1135.6,0
1135.6,0
1135.6,0
1199.6,0
1199.6,0
1199.6,0
1199.6,0
1199.6,0
1199.6,0
1199.6,0
1775.6,0
1775.6,0
1775.6,0
1775.6,0
1967.6,0
1967.6,0
1136.1,0
1136.1,0
1136.1,0
1136.1,0
1136.1,0
1968.1,0
1968.1,0
568.3,0
568.3,0
568.3,0
568.3,0
600.3,0
600.3,0
600.3,0
600.3,0
664.3,0
664.3,0
792.3,0
792.3,0
792.3,0
792.3,0
792.3,0
792.3,0
856.3,0
856.3,0
920.3,0
920.3,0
920.3,0
1136.6,0
1136.6,0
1136.6,0
1136.6,0
1136.6,0
1136.6,0
1137.1,0
1137.1,0
1137.1,0
1137.1,0
1137.1,0
1201.1,0
1201.1,0
1265.1,0
1265.1,0
1265.1,0
1777.1,0
1777.1,0
1969.1,0
568.8,0
568.8,0
568.8,0
568.8,0
568.8,0
568.8,0
568.8,0
568.8,0
568.8,0
568.8,0
568.8,0
568.8,0
568.8,0
568.8,0
568.8,0
568.8,0
568.8,0
568.8,0
568.8,0
568.8,0
664.8,0
792.8,0
792.8,0
824.8,0
824.8,0
856.8,0
856.8,0
856.8,0
856.8,0
920.8,0
920.8,0
1137.6,0
1137.6,0
1137.6,0
1137.6,0
1201.6,0
1201.6,0
1201.6,0
1265.6,0
1265.6,0
1265.6,0
1265.6,0
1777.6,0
1138.1,0
1266.1,0
1778.1,0
569.3,0
569.3,0
569.3,0
569.3,0
793.3,0
857.3,0
857.3,0
857.3,0
921.3,0
921.3,0
921.3,0
1138.6,0
1138.6,0
1138.6,0
1138.6,0
1138.6,0
1778.6,0
1778.6,0
1139.1,0
1139.1,0
1139.1,0
1139.1,0
1139.1,0
1139.1,0
1139.1,0
1203.1,0
1203.1,0
1779.1,0
300.9,0
316.9,0
569.8,0
793.8,0
793.8,0
857.8,0
857.8,0
857.8,0
857.8,0
921.8,0
921.8,0
921.8,0
921.8,0
1139.6,0
1139.6,0
1139.6,0
1139.6,0
1139.6,0
1203.6,0
1203.6,0
1203.6,0
1203.6,0
1140.1,0
1140.1,0
1140.1,0
1140.1,0
1140.1,0
1140.1,0
1140.1,0
1140.1,0
1140.1,0
1204.1,0
1204.1,0
1204.1,0
1972.1,0
570.3,0
570.3,0
570.3,0
602.3,0
602.3,0
794.3,0
794.3,0
826.3,0
858.3,0
858.3,0
858.3,0
858.3,0
858.3,0
858.3,0
858.3,0
858.3,0
858.3,0
858.3,0
922.3,0
922.3,0
922.3,0
1140.6,0
1140.6,0
1140.6,0
1204.6,0
1780.6,0
1780.6,0
1780.6,0
1141.1,0
1141.1,0
1141.1,0
1781.1,0
1781.1,0
1781.1,0
1781.1,0
1781.1,0
1781.1,0
1973.1,0
570.8,0
570.8,0
570.8,0
602.8,0
602.8,0
602.8,0
794.8,0
858.8,0
858.8,0
858.8,0
858.8,0
858.8,0
922.8,0
922.8,0
922.8,0
922.8,0
922.8,0
922.8,0
1141.6,0
1141.6,0
1141.6,0
1781.6,0
1781.6,0
1781.6,0
1142.1,0
1142.1,0
1142.1,0
1782.1,0
1782.1,0
1782.1,0
571.3,0
571.3,0
603.3,0
795.3,0
859.3,0
859.3,0
923.3,0
923.3,0
923.3,0
923.3,0
1142.6,0
1142.6,0
1142.6,0
1142.6,0
1142.6,0
1142.6,0
1782.6,0
1782.6,0
1143.1,0
1783.1,0
1783.1,0
301.9,0
301.9,0
571.8,0
859.8,0
923.8,0
923.8,0
923.8,0
923.8,0
923.8,0
1143.6,0
1143.6,0
1143.6,0
1143.6,0
1143.6,0
1143.6,0
1143.6,0
1143.6,0
1783.6,0
1783.6,0
1783.6,0
1144.1,0
1144.1,0
1144.1,0
1144.1,0
1144.1,0
1784.1,0
1784.1,0
572.3,0
604.3,0
924.3,0
924.3,0
924.3,0
924.3,0
924.3,0
924.3,0
924.3,0
1144.6,0
1144.6,0
1144.6,0
1144.6,0
1784.6,0
1784.6,0
1912.6,0
1912.6,0
1145.1,0
1145.1,0
302.4,0
302.4,0
302.4,0
302.4,0
572.8,0
572.8,0
572.8,0
604.8,0
604.8,0
796.8,0
828.8,0
828.8,0
828.8,0
860.8,0
860.8,0
860.8,0
924.8,0
924.8,0
924.8,0
1145.6,0
1785.6,0
1146.1,0
1210.1,0
1210.1,0
1786.1,0
573.3,0
573.3,0
573.3,0
605.3,0
797.3,0
925.3,0
1146.6,0
1146.6,0
1146.6,0
1786.6,0
1786.6,0
1786.6,0
1786.6,0
1147.1,0
1787.1,0
1787.1,0
1787.1,0
1787.1,0
1787.1,0
1787.1,0
302.9,0
302.9,0
302.9,0
541.8,0
573.8,0
797.8,0
797.8,0
829.8,0
829.8,0
925.8,0
925.8,0
1787.6,0
1148.1,0
1788.1,0
1788.1,0
1788.1,0
1788.1,0
1788.1,0
1788.1,0
1788.1,0
574.3,0
574.3,0
574.3,0
574.3,0
574.3,0
926.3,0
926.3,0
1788.6,0
1788.6,0
1788.6,0
1788.6,0
1788.6,0
1788.6,0
1788.6,0
1788.6,0
1916.6,0
1916.6,0
1469.1,0
1469.1,0
1789.1,0
1789.1,0
287.4,0
303.4,0
303.4,0
303.4,0
574.8,0
574.8,0
702.8,0
702.8,0
862.8,0
862.8,0
926.8,0
1789.6,0
1789.6,0
1470.1,0
1790.1,0
1790.1,0
1790.1,0
1790.1,0
543.3,0
575.3,0
575.3,0
703.3,0
927.3,0
927.3,0
927.3,0
927.3,0
927.3,0
1790.6,0
1790.6,0
1790.6,0
1791.1,0
1791.1,0
1791.1,0
1791.1,0
1791.1,0
1791.1,0
1791.1,0
287.9,0
543.8,0
543.8,0
927.8,0
1151.6,0
1791.6,0
1791.6,0
1791.6,0
1791.6,0
288.1,0
288.1,0
576.2,0
672.2,0
704.2,0
704.2,0
704.2,0
704.2,0
864.2,0
864.2,0
864.2,0
928.2,0
928.2,0
928.2,0
928.2,0
928.2,0
1792.4,0
1792.4,0
1792.4,0
1792.9,0
1792.9,0
1792.9,0
1792.9,0
1792.9,0
544.7,0
704.7,0
704.7,0
704.7,0
704.7,0
704.7,0
864.7,0
864.7,0
864.7,0
864.7,0
864.7,0
864.7,0
928.7,0
1793.4,0
1793.4,0
1793.4,0
1793.4,0
1793.4,0
1921.4,0
1793.9,0
1793.9,0
1793.9,0
1793.9,0
1793.9,0
1793.9,0
304.6,0
577.2,0
577.2,0
833.2,0
833.2,0
833.2,0
865.2,0
865.2,0
865.2,0
929.2,0
1090.4,0
1794.4,0
1794.4,0
1794.4,0
1794.4,0
1794.9,0
1794.9,0
577.7,0
577.7,0
577.7,0
641.7,0
833.7,0
865.7,0
865.7,0
1795.4,0
1731.9,0
305.1,0
546.2,0
578.2,0
578.2,0
578.2,0
578.2,0
610.2,0
706.2,0
706.2,0
706.2,0
706.2,0
706.2,0
866.2,0
866.2,0
866.2,0
1796.4,0
1156.9,0
1796.9,0
1796.9,0
1924.9,0
1924.9,0
1924.9,0
1924.9,0
578.7,0
578.7,0
706.7,0
706.7,0
706.7,0
706.7,0
706.7,0
706.7,0
706.7,0
866.7,0
30.1,0
289.6,0
579.2,0
579.2,0
579.2,0
707.2,0
707.2,0
707.2,0
707.2,0
707.2,0
771.2,0
835.2,0
867.2,0
867.2,0
1670.4,0
1926.4,0
1926.4,0
1926.4,0
1926.4,0
1478.9,0
1798.9,0
707.7,0
707.7,0
707.7,0
707.7,0
1159.4,0
1479.4,0
1479.4,0
1479.4,0
1479.4,0
1479.4,0
1479.4,0
1479.4,0
1927.4,0
1927.4,0
1479.9,0
1479.9,0
1927.9,0
290.1,0
290.1,0
708.2,0
708.2,0
836.2,0
1096.4,0
1480.4,0
1480.4,0
1480.4,0
1480.4,0
1480.4,0
1480.4,0
1672.4,0
1672.4,0
1736.4,0
1800.4,0
1480.9,0
580.7,0
708.7,0
708.7,0
708.7,0
708.7,0
708.7,0
708.7,0
868.7,0
868.7,0
868.7,0
1481.4,0
1481.9,0
290.6,0
290.6,0
581.2,0
709.2,0
709.2,0
709.2,0
709.2,0
709.2,0
709.2,0
709.2,0
709.2,0
709.2,0
709.2,0
709.2,0
709.2,0
709.2,0
709.2,0
709.2,0
709.2,0
709.2,0
709.2,0
709.2,0
709.2,0
709.2,0
837.2,0
837.2,0
869.2,0
869.2,0
1482.4,0
1482.4,0
1482.4,0
1482.4,0
1482.9,0
1482.9,0
1482.9,0
1482.9,0
1482.9,0
1482.9,0
1482.9,0
1482.9,0
1930.9,0
1930.9,0
581.7,0
581.7,0
581.7,0
645.7,0
837.7,0
837.7,0
1483.4,0
1483.4,0
1483.4,0
1483.4,0
1483.4,0
1483.4,0
1483.4,0
1483.4,0
1483.4,0
1483.4,0
1931.4,0
1931.4,0
1931.4,0
1931.4,0
1483.9,0
1483.9,0
1483.9,0
1483.9,0
1483.9,0
1483.9,0
1483.9,0
307.1,0
307.1,0
582.2,0
582.2,0
710.2,0
710.2,0
870.2,0
870.2,0
1484.4,0
1676.4,0
1484.9,0
1484.9,0
1740.9,0
1740.9,0
582.7,0
582.7,0
710.7,0
710.7,0
710.7,0
806.7,0
838.7,0
838.7,0
838.7,0
870.7,0
870.7,0
1677.4,0
1741.9,0
291.6,0
583.2,0
583.2,0
583.2,0
711.2,0
711.2,0
775.2,0
839.2,0
839.2,0
935.2,0
1678.4,0
1678.4,0
583.7,0
583.7,0
583.7,0
711.7,0
775.7,0
839.7,0
935.7,0
1487.4,0
1487.4,0
1487.4,0
1487.4,0
1679.4,0
1743.4,0
1743.4,0
1423.9,0
1423.9,0
1487.9,0
292.1,0
552.2,0
552.2,0
584.2,0
712.2,0
712.2,0
712.2,0
840.2,0
872.2,0
872.2,0
936.2,0
936.2,0
1488.4,0
1488.4,0
1488.4,0
1936.9,0
584.7,0
584.7,0
712.7,0
712.7,0
712.7,0
712.7,0
712.7,0
776.7,0
840.7,0
840.7,0
840.7,0
840.7,0
840.7,0
872.7,0
872.7,0
872.7,0
1105.4,0
1105.4,0
1681.4,0
1681.4,0
1937.4,0
1937.4,0
1105.9,0
1425.9,0
1425.9,0
1681.9,0
1745.9,0
292.6,0
553.2,0
585.2,0
585.2,0
585.2,0
585.2,0
585.2,0
713.2,0
713.2,0
713.2,0
713.2,0
713.2,0
713.2,0
713.2,0
713.2,0
713.2,0
713.2,0
713.2,0
713.2,0
777.2,0
841.2,0
841.2,0
841.2,0
841.2,0
873.2,0
873.2,0
873.2,0
873.2,0
873.2,0
873.2,0
1682.4,0
1746.9,0
1746.9,0
553.7,0
585.7,0
585.7,0
713.7,0
713.7,0
841.7,0
841.7,0
841.7,0
841.7,0
841.7,0
873.7,0
873.7,0
873.7,0
1427.4,0
1427.4,0
1427.4,0
1427.4,0
1683.4,0
1747.4,0
1747.4,0
1107.9,0
1427.9,0
1683.9,0
1683.9,0
1683.9,0
1683.9,0
1683.9,0
586.2,0
586.2,0
650.2,0
714.2,0
714.2,0
714.2,0
778.2,0
842.2,0
842.2,0
842.2,0
842.2,0
842.2,0
842.2,0
874.2,0
1108.4,0
1108.4,0
1684.4,0
1748.4,0
1940.4,0
1108.9,0
1428.9,0
1940.9,0
1940.9,0
554.7,0
842.7,0
842.7,0
842.7,0
842.7,0
842.7,0
874.7,0
1429.4,0
1749.4,0
1749.4,0
1749.4,0
1749.4,0
1941.4,0
1941.4,0
1109.9,0
1109.9,0
1109.9,0
1109.9,0
1429.9,0
1429.9,0
1685.9,0
1941.9,0
1941.9,0
277.6,0
555.2,0
555.2,0
555.2,0
555.2,0
587.2,0
587.2,0
651.2,0
779.2,0
779.2,0
843.2,0
843.2,0
843.2,0
843.2,0
843.2,0
843.2,0
843.2,0
843.2,0
843.2,0
875.2,0
1110.4,0
1110.4,0
1430.4,0
1750.4,0
1110.9,0
1110.9,0
1686.9,0
1686.9,0
779.7,0
843.7,0
843.7,0
843.7,0
843.7,0
875.7,0
1751.4,0
1751.4,0
1111.9,0
1751.9,0
556.2,0
588.2,0
652.2,0
780.2,0
844.2,0
844.2,0
844.2,0
844.2,0
844.2,0
844.2,0
844.2,0
844.2,0
1112.4,0
1752.4,0
1944.4,0
1944.4,0
1432.9,0
1432.9,0
1688.9,0
1688.9,0
1688.9,0
1752.9,0
652.7,0
780.7,0
844.7,0
844.7,0
844.7,0
844.7,0
844.7,0
876.7,0
908.7,0
1113.4,0
1753.4,0
1945.4,0
1113.9,0
1689.9,0
589.2,0
589.2,0
589.2,0
589.2,0
653.2,0
781.2,0
781.2,0
845.2,0
845.2,0
845.2,0
845.2,0
845.2,0
1114.4,0
1690.4,0
1434.9,0
1754.9,0
1754.9,0
589.7,0
589.7,0
653.7,0
781.7,0
781.7,0
845.7,0
845.7,0
845.7,0
909.7,0
909.7,0
1115.4,0
1115.9,0
1115.9,0
1115.9,0
1691.9,0
1755.9,0
1755.9,0
1947.9,0
1947.9,0
311.1,0
590.2,0
590.2,0
590.2,0
590.2,0
590.2,0
782.2,0
782.2,0
782.2,0
846.2,0
846.2,0
846.2,0
846.2,0
878.2,0
1692.4,0
1756.4,0
1756.4,0
1756.4,0
1756.4,0
1948.4,0
1244.9,0
1948.9,0
1948.9,0
1948.9,0
590.7,0
590.7,0
590.7,0
590.7,0
590.7,0
590.7,0
590.7,0
590.7,0
654.7,0
654.7,0
846.7,0
846.7,0
846.7,0
846.7,0
846.7,0
846.7,0
846.7,0
878.7,0
1117.4,0
1949.4,0
1949.4,0
1245.9,0
1757.9,0
1757.9,0
1757.9,0
1757.9,0
1949.9,0
591.2,0
591.2,0
655.2,0
655.2,0
655.2,0
655.2,0
783.2,0
783.2,0
783.2,0
847.2,0
847.2,0
847.2,0
847.2,0
847.2,0
847.2,0
847.2,0
847.2,0
847.2,0
847.2,0
847.2,0
847.2,0
1758.4,0
1950.4,0
1758.9,0
559.7,0
559.7,0
591.7,0
591.7,0
591.7,0
591.7,0
591.7,0
591.7,0
655.7,0
655.7,0
847.7,0
847.7,0
847.7,0
847.7,0
1119.4,0
1759.4,0
1759.4,0
1759.4,0
1759.4,0
1119.9,0
1119.9,0
1759.9,0
1759.9,0
296.1,0
592.2,0
656.2,0
656.2,0
656.2,0
784.2,0
848.2,0
848.2,0
848.2,0
848.2,0
1184.4,0
1696.4,0
1760.4,0
1760.4,0
1760.4,0
1120.9,0
1120.9,0
1760.9,0
1952.9,0
1952.9,0
560.7,0
592.7,0
656.7,0
656.7,0
720.7,0
720.7,0
720.7,0
784.7,0
848.7,0
848.7,0
848.7,0
848.7,0
1761.4,0
1761.4,0
1953.4,0
1953.4,0
1953.4,0
1953.9,0
1953.9,0
1953.9,0
296.6,0
312.6,0
312.6,0
312.6,0
561.2,0
561.2,0
561.2,0
561.2,0
561.2,0
561.2,0
593.2,0
593.2,0
657.2,0
721.2,0
721.2,0
721.2,0
785.2,0
785.2,0
849.2,0
849.2,0
849.2,0
849.2,0
1122.4,0
1698.4,0
1762.4,0
1954.4,0
1762.9,0
1954.9,0
561.7,0
561.7,0
561.7,0
561.7,0
561.7,0
561.7,0
593.7,0
593.7,0
593.7,0
593.7,0
593.7,0
657.7,0
657.7,0
721.7,0
785.7,0
785.7,0
785.7,0
785.7,0
849.7,0
849.7,0
849.7,0
849.7,0
1123.4,0
1763.4,0
1955.4,0
1123.9,0
1123.9,0
1123.9,0
1123.9,0
1123.9,0
1123.9,0
297.1,0
297.1,0
313.1,0
313.1,0
313.1,0
313.1,0
562.2,0
562.2,0
562.2,0
562.2,0
658.2,0
658.2,0
786.2,0
850.2,0
850.2,0
1764.4,0
1956.4,0
1956.9,0
1956.9,0
1956.9,0
562.7,0
562.7,0
562.7,0
562.7,0
594.7,0
594.7,0
594.7,0
594.7,0
658.7,0
786.7,0
786.7,0
786.7,0
850.7,0
850.7,0
850.7,0
850.7,0
850.7,0
850.7,0
850.7,0
1125.4,0
1125.4,0
1957.4,0
1125.9,0
1957.9,0
1957.9,0
30.6,0
31.6,0
31.6,0
31.6,0
297.6,0
297.6,0
297.6,0
563.2,0
563.2,0
563.2,0
563.2,0
563.2,0
563.2,0
563.2,0
563.2,0
563.2,0
659.2,0
787.2,0
851.2,0
1126.4,0
1126.4,0
1958.4,0
1958.4,0
1126.9,0
1126.9,0
1126.9,0
1254.9,0
1958.9,0
1958.9,0
563.7,0
563.7,0
595.7,0
595.7,0
595.7,0
595.7,0
659.7,0
659.7,0
659.7,0
787.7,0
787.7,0
787.7,0
851.7,0
851.7,0
851.7,0
851.7,0
1127.4,0
1127.4,0
1255.4,0
1127.9,0
1127.9,0
1127.9,0
1255.9,0
1255.9,0
1255.9,0
1255.9,0
1255.9,0
1255.9,0
1255.9,0
1767.9,0
1767.9,0
1959.9,0
1959.9,0
282.1,0
298.1,0
564.2,0
564.2,0
564.2,0
564.2,0
564.2,0
596.2,0
596.2,0
596.2,0
660.2,0
660.2,0
660.2,0
660.2,0
788.2,0
788.2,0
788.2,0
852.2,0
852.2,0
852.2,0
852.2,0
852.2,0
852.2,0
1128.4,0
1256.4,0
1256.4,0
1256.4,0
1256.4,0
1256.4,0
1256.4,0
1256.4,0
1256.4,0
1256.4,0
1256.4,0
1256.4,0
1768.4,0
1768.4,0
1960.4,0
1192.9,0
1192.9,0
1256.9,0
1256.9,0
1256.9,0
1256.9,0
1256.9,0
1768.9,0
1768.9,0
564.7,0
564.7,0
564.7,0
564.7,0
564.7,0
564.7,0
788.7,0
852.7,0
852.7,0
852.7,0
1129.4,0
1129.4,0
1129.4,0
1129.4,0
1129.4,0
1257.4,0
1257.4,0
1257.4,0
1257.4,0
1257.4,0
1961.4,0
1961.4,0
1129.9,0
1257.9,0
1257.9,0
1257.9,0
1257.9,0
1257.9,0
1961.9,0
1961.9,0
1961.9,0
298.6,0
565.2,0
565.2,0
565.2,0
565.2,0
565.2,0
565.2,0
565.2,0
661.2,0
789.2,0
789.2,0
789.2,0
853.2,0
853.2,0
853.2,0
853.2,0
853.2,0
853.2,0
853.2,0
853.2,0
917.2,0
1130.4,0
1130.4,0
1130.4,0
1130.4,0
1130.4,0
1130.4,0
1130.4,0
1130.4,0
1130.4,0
1130.4,0
1130.4,0
1130.4,0
1194.4,0
1194.4,0
1258.4,0
1258.4,0
1258.4,0
1258.4,0
1962.4,0
1962.4,0
1962.4,0
1962.4,0
1130.9,0
1130.9,0
1130.9,0
1130.9,0
1130.9,0
1130.9,0
1130.9,0
1130.9,0
1130.9,0
1130.9,0
1130.9,0
1130.9,0
1194.9,0
1258.9,0
1258.9,0
1258.9,0
1258.9,0
1962.9,0
1962.9,0
565.7,0
565.7,0
565.7,0
565.7,0
565.7,0
565.7,0
565.7,0
565.7,0
565.7,0
565.7,0
565.7,0
661.7,0
693.7,0
789.7,0
853.7,0
853.7,0
853.7,0
853.7,0
853.7,0
1131.4,0
1131.4,0
1259.4,0
1259.4,0
1259.4,0
1259.4,0
1259.4,0
1259.4,0
1259.4,0
1771.4,0
1963.4,0
1963.4,0
1963.4,0
1963.4,0
1963.4,0
1963.4,0
1963.4,0
1963.4,0
1131.9,0
1131.9,0
1131.9,0
1131.9,0
1131.9,0
1131.9,0
1131.9,0
1259.9,0
1259.9,0
1259.9,0
1259.9,0
1259.9,0
1259.9,0
1259.9,0
1259.9,0
1259.9,0
1259.9,0
1259.9,0
1259.9,0
1259.9,0
1771.9,0
1963.9,0
1963.9,0
1963.9,0
1963.9,0
299.1,0
566.2,0
566.2,0
566.2,0
566.2,0
566.2,0
566.2,0
566.2,0
566.2,0
566.2,0
566.2,0
566.2,0
566.2,0
854.2,0
854.2,0
854.2,0
854.2,0
854.2,0
854.2,0
854.2,0
854.2,0
918.2,0
918.2,0
1132.4,0
1132.4,0
1132.4,0
1132.4,0
1132.4,0
1260.4,0
1260.4,0
1260.4,0
1260.4,0
1260.4,0
1260.4,0
1260.4,0
1260.4,0
1260.4,0
1260.4,0
1260.4,0
1964.4,0
1964.4,0
1964.4,0
1964.4,0
1964.4,0
1132.9,0
1132.9,0
1132.9,0
1132.9,0
1132.9,0
1196.9,0
1260.9,0
1260.9,0
1260.9,0
1260.9,0
1772.9,0
1964.9,0
1964.9,0
1964.9,0
1964.9,0
1964.9,0
1964.9,0
566.7,0
566.7,0
566.7,0
566.7,0
566.7,0
566.7,0
566.7,0
566.7,0
566.7,0
566.7,0
598.7,0
598.7,0
598.7,0
598.7,0
662.7,0
790.7,0
790.7,0
790.7,0
790.7,0
854.7,0
854.7,0
854.7,0
854.7,0
854.7,0
854.7,0
854.7,0
1133.4,0
1133.4,0
1133.4,0
1133.4,0
1133.4,0
1133.4,0
1133.4,0
1197.4,0
1197.4,0
1965.4,0
1965.4,0
1133.9,0
1133.9,0
1133.9,0
1133.9,0
1197.9,0
1773.9,0
1773.9,0
1965.9,0
1965.9,0
315.6,0
315.6,0
567.2,0
567.2,0
567.2,0
567.2,0
567.2,0
567.2,0
567.2,0
567.2,0
567.2,0
567.2,0
567.2,0
567.2,0
567.2,0
567.2,0
663.2,0
791.2,0
855.2,0
919.2,0
919.2,0
1134.4,0
1134.4,0
1134.4,0
1134.4,0
1134.4,0
1134.4,0
1134.4,0
1198.4,0
1198.4,0
1198.4,0
1966.4,0
1966.4,0
1134.9,0
1134.9,0
1134.9,0
1134.9,0
1134.9,0
1134.9,0
1134.9,0
1134.9,0
1134.9,0
1198.9,0
1966.9,0
567.7,0
567.7,0
567.7,0
567.7,0
567.7,0
567.7,0
567.7,0
567.7,0
567.7,0
567.7,0
567.7,0
567.7,0
567.7,0
567.7,0
567.7,0
567.7,0
599.7,0
791.7,0
791.7,0
791.7,0
791.7,0
855.7,0
855.7,0
855.7,0
855.7,0
855.7,0
919.7,0
919.7,0
919.7,0
919.7,0
1135.4,0
1135.4,0
1135.4,0
1135.4,0
1199.4,0
1775.4,0
1775.4,0
1775.4,0
1775.4,0
1967.4,0
1967.4,0
1967.4,0
1135.9,0
1135.9,0
1135.9,0
1135.9,0
1135.9,0
1135.9,0
1135.9,0
1135.9,0
1135.9,0
1135.9,0
1135.9,0
1775.9,0
300.1,0
568.2,0
568.2,0
568.2,0
568.2,0
568.2,0
568.2,0
568.2,0
568.2,0
568.2,0
568.2,0
568.2,0
600.2,0
600.2,0
664.2,0
664.2,0
664.2,0
792.2,0
792.2,0
856.2,0
856.2,0
856.2,0
856.2,0
856.2,0
920.2,0
1136.4,0
1136.4,0
1136.4,0
1136.4,0
1136.4,0
1264.4,0
1776.4,0
1968.4,0
1968.4,0
1136.9,0
1136.9,0
1136.9,0
1136.9,0
1136.9,0
1136.9,0
1136.9,0
1136.9,0
1136.9,0
1136.9,0
1136.9,0
1136.9,0
1136.9,0
1264.9,0
1776.9,0
568.7,0
568.7,0
568.7,0
568.7,0
568.7,0
568.7,0
568.7,0
568.7,0
568.7,0
568.7,0
600.7,0
792.7,0
792.7,0
792.7,0
856.7,0
920.7,0
920.7,0
920.7,0
1137.4,0
1137.4,0
1137.4,0
1137.4,0
1137.4,0
1201.4,0
1265.4,0
1265.4,0
1265.4,0
1777.4,0
1777.4,0
1969.4,0
1969.4,0
1137.9,0
1137.9,0
1137.9,0
1137.9,0
1137.9,0
1137.9,0
1265.9,0
1265.9,0
300.6,0
300.6,0
569.2,0
569.2,0
569.2,0
569.2,0
569.2,0
569.2,0
569.2,0
665.2,0
793.2,0
793.2,0
793.2,0
857.2,0
857.2,0
857.2,0
857.2,0
921.2,0
921.2,0
1778.4,0
1778.4,0
1138.9,0
1138.9,0
1138.9,0
1138.9,0
1138.9,0
1138.9,0
1778.9,0
1778.9,0
569.7,0
569.7,0
569.7,0
569.7,0
569.7,0
793.7,0
857.7,0
857.7,0
857.7,0
857.7,0
857.7,0
857.7,0
921.7,0
921.7,0
921.7,0
1139.4,0
1139.4,0
1139.4,0
1139.4,0
1139.4,0
1139.9,0
1139.9,0
1203.9,0
1203.9,0
1203.9,0
1203.9,0
1203.9,0
1779.9,0
301.1,0
301.1,0
570.2,0
570.2,0
602.2,0
602.2,0
602.2,0
794.2,0
794.2,0
794.2,0
826.2,0
826.2,0
858.2,0
858.2,0
858.2,0
858.2,0
858.2,0
922.2,0
922.2,0
922.2,0
922.2,0
922.2,0
922.2,0
922.2,0
922.2,0
922.2,0
922.2,0
1140.4,0
1140.4,0
1140.4,0
1140.4,0
1140.4,0
1140.4,0
1140.4,0
1140.4,0
1140.4,0
1140.4,0
1204.4,0
1780.4,0
1140.9,0
1140.9,0
1140.9,0
1140.9,0
1204.9,0
1204.9,0
1204.9,0
1204.9,0
1780.9,0
1780.9,0
1780.9,0
1780.9,0
1972.9,0
570.7,0
570.7,0
570.7,0
570.7,0
794.7,0
794.7,0
858.7,0
858.7,0
858.7,0
858.7,0
858.7,0
858.7,0
858.7,0
858.7,0
922.7,0
922.7,0
922.7,0
922.7,0
1141.4,0
1141.4,0
1141.4,0
1141.4,0
1141.4,0
1141.4,0
1141.4,0
1781.4,0
1781.4,0
1781.4,0
1141.9,0
1141.9,0
1141.9,0
1781.9,0
1781.9,0
1781.9,0
1781.9,0
1781.9,0
301.6,0
301.6,0
301.6,0
301.6,0
301.6,0
317.6,0
571.2,0
571.2,0
571.2,0
571.2,0
571.2,0
795.2,0
827.2,0
827.2,0
923.2,0
923.2,0
923.2,0
1142.4,0
1142.4,0
1142.4,0
1142.4,0
1782.4,0
1782.4,0
1782.4,0
1782.4,0
1782.4,0
1974.4,0
1142.9,0
1782.9,0
1782.9,0
1782.9,0
571.7,0
571.7,0
795.7,0
859.7,0
859.7,0
859.7,0
859.7,0
923.7,0
923.7,0
923.7,0
1143.4,0
1783.4,0
1783.4,0
1143.9,0
1143.9,0
1143.9,0
1143.9,0
1143.9,0
1143.9,0
1143.9,0
1143.9,0
1783.9,0
1783.9,0
302.1,0
302.1,0
302.1,0
668.2,0
796.2,0
860.2,0
924.2,0
924.2,0
924.2,0
924.2,0
1784.4,0
1912.4,0
1912.4,0
1144.9,0
1144.9,0
1784.9,0
1784.9,0
1784.9,0
572.7,0
572.7,0
796.7,0
796.7,0
828.7,0
860.7,0
1145.4,0
1145.4,0
1785.4,0
1785.4,0
1145.9,0
1145.9,0
1145.9,0
1209.9,0
1209.9,0
1209.9,0
1785.9,0
1785.9,0
1785.9,0
286.6,0
302.6,0
302.6,0
302.6,0
302.6,0
573.2,0
573.2,0
573.2,0
829.2,0
829.2,0
861.2,0
861.2,0
861.2,0
925.2,0
925.2,0
925.2,0
925.2,0
1786.4,0
1786.4,0
1786.4,0
1786.4,0
1146.9,0
1146.9,0
1146.9,0
1786.9,0
1786.9,0
1786.9,0
1786.9,0
1786.9,0
1786.9,0
1786.9,0
573.7,0
573.7,0
797.7,0
797.7,0
829.7,0
861.7,0
861.7,0
925.7,0
925.7,0
925.7,0
1787.4,0
1787.4,0
1787.4,0
1787.4,0
1787.9,0
1787.9,0
1787.9,0
1787.9,0
1787.9,0
1787.9,0
1787.9,0
303.1,0
303.1,0
303.1,0
574.2,0
574.2,0
574.2,0
702.2,0
830.2,0
926.2,0
926.2,0
1788.4,0
1788.4,0
1788.4,0
1788.4,0
1788.4,0
1788.4,0
1788.4,0
1788.4,0
1788.4,0
1788.4,0
1148.9,0
1788.9,0
1788.9,0
1788.9,0
1788.9,0
574.7,0
574.7,0
926.7,0
1789.4,0
1789.4,0
1789.9,0
1789.9,0
1789.9,0
1789.9,0
1917.9,0
287.6,0
287.6,0
303.6,0
303.6,0
575.2,0
575.2,0
575.2,0
703.2,0
703.2,0
703.2,0
863.2,0
863.2,0
927.2,0
927.2,0
927.2,0
927.2,0
927.2,0
1150.4,0
1790.9,0
1790.9,0
1790.9,0
1790.9,0
543.7,0
575.7,0
575.7,0
575.7,0
607.7,0
703.7,0
703.7,0
703.7,0
703.7,0
863.7,0
927.7,0
927.7,0
1791.4,0
1791.4,0
1791.4,0
1791.4,0
1791.4,0
1791.4,0
1791.4,0
1791.9,0
1791.9,0
1791.9,0
576.1,0
672.1,0
704.1,0
704.1,0
704.1,0
704.1,0
832.1,0
928.1,0
928.1,0
928.1,0
928.1,0
928.1,0
1152.2,0
1792.2,0
1792.2,0
1152.7,0
1664.7,0
1664.7,0
1792.7,0
1792.7,0
288.3,0
288.3,0
288.3,0
576.6,0
576.6,0
576.6,0
640.6,0
704.6,0
704.6,0
704.6,0
928.6,0
928.6,0
1153.2,0
1793.2,0
1793.2,0
1793.7,0
1793.7,0
1793.7,0
1793.7,0
577.1,0
705.1,0
769.1,0
865.1,0
865.1,0
865.1,0
865.1,0
929.1,0
929.1,0
929.1,0
1794.2,0
1794.2,0
1794.2,0
1794.2,0
1794.2,0
1794.7,0
1794.7,0
304.8,0
577.6,0
609.6,0
705.6,0
705.6,0
705.6,0
705.6,0
865.6,0
865.6,0
865.6,0
865.6,0
929.6,0
929.6,0
929.6,0
1795.2,0
1795.2,0
1795.2,0
1795.2,0
1795.2,0
1795.7,0
1795.7,0
546.1,0
578.1,0
706.1,0
706.1,0
706.1,0
834.1,0
1796.7,0
578.6,0
578.6,0
578.6,0
578.6,0
578.6,0
706.6,0
706.6,0
706.6,0
706.6,0
706.6,0
706.6,0
706.6,0
706.6,0
930.6,0
1157.2,0
1925.2,0
1925.2,0
707.1,0
707.1,0
707.1,0
707.1,0
707.1,0
707.1,0
707.1,0
867.1,0
867.1,0
1926.2,0
289.8,0
305.8,0
305.8,0
707.6,0
707.6,0
707.6,0
835.6,0
867.6,0
1095.7,0
1415.7,0
1479.7,0
1479.7,0
1735.7,0
1927.7,0
580.1,0
708.1,0
708.1,0
708.1,0
708.1,0
708.1,0
708.1,0
1096.2,0
1480.2,0
1480.2,0
1480.2,0
1480.2,0
1480.2,0
1480.2,0
1736.2,0
1800.2,0
1928.2,0
1928.2,0
1480.7,0
1480.7,0
1480.7,0
1480.7,0
1480.7,0
1800.7,0
290.3,0
306.3,0
708.6,0
708.6,0
708.6,0
708.6,0
708.6,0
708.6,0
708.6,0
708.6,0
708.6,0
708.6,0
708.6,0
836.6,0
1481.2,0
1929.2,0
1929.2,0
1929.2,0
1481.7,0
1481.7,0
1481.7,0
1481.7,0
1481.7,0
581.1,0
581.1,0
709.1,0
709.1,0
709.1,0
709.1,0
709.1,0
709.1,0
709.1,0
709.1,0
709.1,0
709.1,0
709.1,0
837.1,0
837.1,0
869.1,0
1482.2,0
1482.2,0
1674.2,0
1482.7,0
1482.7,0
1482.7,0
1482.7,0
1482.7,0
1482.7,0
306.8,0
306.8,0
306.8,0
581.6,0
581.6,0
581.6,0
581.6,0
645.6,0
709.6,0
709.6,0
837.6,0
837.6,0
1483.2,0
1483.2,0
1483.2,0
1483.2,0
1483.2,0
1483.2,0
1739.2,0
1483.7,0
1483.7,0
1483.7,0
1483.7,0
1483.7,0
1483.7,0
1483.7,0
582.1,0
582.1,0
710.1,0
710.1,0
774.1,0
838.1,0
870.1,0
870.1,0
1484.2,0
1484.2,0
1484.2,0
1484.2,0
1484.2,0
1676.2,0
1932.2,0
1484.7,0
1484.7,0
1932.7,0
1932.7,0
307.3,0
582.6,0
710.6,0
838.6,0
870.6,0
1485.2,0
1485.2,0
1741.7,0
1933.7,0
1933.7,0
583.1,0
583.1,0
583.1,0
807.1,0
839.1,0
839.1,0
871.1,0
935.1,0
1678.2,0
1102.7,0
1934.7,0
275.8,0
291.8,0
307.8,0
583.6,0
711.6,0
711.6,0
935.6,0
935.6,0
1423.2,0
1423.2,0
1679.2,0
1679.2,0
1935.2,0
1935.2,0
1103.7,0
1423.7,0
1423.7,0
1935.7,0
1935.7,0
584.1,0
584.1,0
584.1,0
712.1,0
776.1,0
936.1,0
936.1,0
1104.2,0
1104.2,0
1104.2,0
1104.2,0
1488.2,0
1488.2,0
1680.2,0
1680.2,0
1936.2,0
1936.2,0
1744.7,0
1744.7,0
292.3,0
712.6,0
712.6,0
712.6,0
712.6,0
712.6,0
712.6,0
712.6,0
840.6,0
872.6,0
872.6,0
936.6,0
936.6,0
1105.2,0
1425.2,0
1425.2,0
1745.2,0
1745.2,0
1745.2,0
1425.7,0
1681.7,0
1745.7,0
585.1,0
585.1,0
585.1,0
585.1,0
585.1,0
713.1,0
713.1,0
713.1,0
713.1,0
713.1,0
713.1,0
713.1,0
713.1,0
777.1,0
777.1,0
841.1,0
841.1,0
841.1,0
841.1,0
841.1,0
841.1,0
841.1,0
1106.2,0
1106.7,0
1426.7,0
1426.7,0
1682.7,0
1746.7,0
1938.7,0
292.8,0
585.6,0
585.6,0
585.6,0
585.6,0
585.6,0
713.6,0
713.6,0
713.6,0
841.6,0
841.6,0
841.6,0
841.6,0
1107.2,0
1427.2,0
1427.2,0
1427.2,0
1427.2,0
1107.7,0
1107.7,0
1107.7,0
1747.7,0
1747.7,0
554.1,0
554.1,0
650.1,0
650.1,0
714.1,0
714.1,0
714.1,0
714.1,0
842.1,0
842.1,0
1108.2,0
1108.2,0
1428.2,0
1428.2,0
1428.2,0
1428.2,0
1108.7,0
1108.7,0
1108.7,0
1684.7,0
1684.7,0
1748.7,0
1940.7,0
1940.7,0
1940.7,0
309.3,0
586.6,0
650.6,0
650.6,0
842.6,0
842.6,0
842.6,0
842.6,0
842.6,0
842.6,0
842.6,0
874.6,0
1109.2,0
1685.2,0
1749.2,0
1749.2,0
1109.7,0
1109.7,0
1429.7,0
1429.7,0
587.1,0
587.1,0
587.1,0
587.1,0
651.1,0
779.1,0
779.1,0
779.1,0
843.1,0
843.1,0
843.1,0
843.1,0
843.1,0
843.1,0
843.1,0
843.1,0
875.1,0
875.1,0
1110.2,0
1750.2,0
1750.2,0
1110.7,0
1686.7,0
1686.7,0
1686.7,0
555.6,0
587.6,0
651.6,0
779.6,0
843.6,0
843.6,0
843.6,0
1111.2,0
1687.2,0
1687.2,0
1751.2,0
1943.2,0
1943.2,0
1111.7,0
1111.7,0
556.1,0
588.1,0
780.1,0
780.1,0
780.1,0
780.1,0
844.1,0
844.1,0
844.1,0
844.1,0
1112.2,0
1752.2,0
1112.7,0
1432.7,0
1432.7,0
1688.7,0
1944.7,0
844.6,0
908.6,0
1689.2,0
1689.2,0
1945.2,0
1689.7,0
1689.7,0
1689.7,0
1945.7,0
781.1,0
781.1,0
845.1,0
845.1,0
845.1,0
845.1,0
845.1,0
845.1,0
877.1,0
877.1,0
877.1,0
877.1,0
877.1,0
877.1,0
1434.7,0
1754.7,0
1754.7,0
1754.7,0
589.6,0
781.6,0
845.6,0
845.6,0
845.6,0
845.6,0
845.6,0
909.6,0
1115.2,0
1755.2,0
1755.2,0
1691.7,0
1691.7,0
590.1,0
590.1,0
590.1,0
654.1,0
782.1,0
846.1,0
846.1,0
846.1,0
846.1,0
846.1,0
846.1,0
846.1,0
846.1,0
846.1,0
846.1,0
878.1,0
878.1,0
1756.2,0
1756.2,0
1116.7,0
1756.7,0
1756.7,0
1756.7,0
1948.7,0
1948.7,0
590.6,0
590.6,0
654.6,0
654.6,0
846.6,0
846.6,0
846.6,0
846.6,0
846.6,0
1117.2,0
1117.2,0
1117.2,0
1117.2,0
1117.2,0
1117.2,0
1757.2,0
1245.7,0
1757.7,0
1757.7,0
1757.7,0
1757.7,0
591.1,0
591.1,0
591.1,0
655.1,0
655.1,0
655.1,0
655.1,0
655.1,0
655.1,0
655.1,0
783.1,0
783.1,0
783.1,0
783.1,0
847.1,0
847.1,0
847.1,0
847.1,0
847.1,0
847.1,0
847.1,0
847.1,0
847.1,0
847.1,0
847.1,0
847.1,0
847.1,0
847.1,0
847.1,0
879.1,0
1118.2,0
1246.2,0
1246.2,0
1246.2,0
1246.2,0
1758.2,0
1950.2,0
1950.2,0
1246.7,0
1758.7,0
1758.7,0
1950.7,0
559.6,0
559.6,0
559.6,0
559.6,0
559.6,0
591.6,0
591.6,0
591.6,0
655.6,0
655.6,0
783.6,0
783.6,0
783.6,0
783.6,0
847.6,0
847.6,0
847.6,0
847.6,0
847.6,0
847.6,0
847.6,0
847.6,0
847.6,0
847.6,0
847.6,0
1759.2,0
1119.7,0
1119.7,0
1119.7,0
1951.7,0
1951.7,0
560.1,0
592.1,0
592.1,0
592.1,0
592.1,0
592.1,0
592.1,0
592.1,0
592.1,0
592.1,0
592.1,0
656.1,0
720.1,0
784.1,0
848.1,0
848.1,0
848.1,0
848.1,0
848.1,0
848.1,0
1120.2,0
1120.2,0
1120.7,0
1760.7,0
296.3,0
312.3,0
312.3,0
592.6,0
592.6,0
656.6,0
720.6,0
720.6,0
784.6,0
784.6,0
784.6,0
784.6,0
848.6,0
848.6,0
1121.2,0
1121.2,0
1953.2,0
1121.7,0
1953.7,0
561.1,0
561.1,0
593.1,0
657.1,0
657.1,0
721.1,0
721.1,0
721.1,0
721.1,0
785.1,0
849.1,0
849.1,0
849.1,0
849.1,0
1122.2,0
1762.2,0
1954.2,0
1954.2,0
1954.2,0
1122.7,0
1122.7,0
1122.7,0
1122.7,0
1122.7,0
1122.7,0
1122.7,0
1762.7,0
1954.7,0
1954.7,0
296.8,0
296.8,0
296.8,0
312.8,0
593.6,0
593.6,0
593.6,0
593.6,0
657.6,0
721.6,0
849.6,0
849.6,0
849.6,0
1123.2,0
1123.2,0
1123.2,0
1123.2,0
1123.2,0
1123.2,0
1123.2,0
1955.2,0
1955.2,0
1955.2,0
1955.2,0
1123.7,0
1123.7,0
1763.7,0
1763.7,0
1955.7,0
1955.7,0
562.1,0
562.1,0
562.1,0
562.1,0
562.1,0
562.1,0
594.1,0
658.1,0
786.1,0
850.1,0
850.1,0
850.1,0
850.1,0
1124.2,0
1124.2,0
1124.2,0
1124.2,0
1124.2,0
1956.2,0
1956.2,0
1956.2,0
1956.2,0
1124.7,0
1124.7,0
1956.7,0
297.3,0
297.3,0
297.3,0
297.3,0
313.3,0
313.3,0
594.6,0
594.6,0
658.6,0
850.6,0
850.6,0
1125.2,0
1957.2,0
1125.7,0
1189.7,0
563.1,0
563.1,0
563.1,0
563.1,0
563.1,0
563.1,0
659.1,0
659.1,0
659.1,0
659.1,0
659.1,0
787.1,0
787.1,0
1126.2,0
1126.2,0
1126.2,0
1126.2,0
1958.2,0
1958.2,0
1126.7,0
1126.7,0
1126.7,0
1766.7,0
1766.7,0
313.8,0
313.8,0
563.6,0
563.6,0
595.6,0
659.6,0
659.6,0
659.6,0
659.6,0
787.6,0
787.6,0
851.6,0
851.6,0
851.6,0
851.6,0
851.6,0
1127.2,0
1255.2,0
1255.2,0
1767.2,0
1959.2,0
1127.7,0
1127.7,0
1255.7,0
1255.7,0
1255.7,0
1255.7,0
1255.7,0
1255.7,0
1255.7,0
1255.7,0
1255.7,0
1767.7,0
1767.7,0
1959.7,0
1959.7,0
1959.7,0
1959.7,0
564.1,0
564.1,0
564.1,0
564.1,0
564.1,0
564.1,0
564.1,0
596.1,0
596.1,0
596.1,0
660.1,0
660.1,0
660.1,0
660.1,0
660.1,0
788.1,0
788.1,0
788.1,0
852.1,0
852.1,0
1128.2,0
1128.2,0
1256.2,0
1256.2,0
1256.2,0
1256.2,0
1256.2,0
1256.2,0
1256.2,0
1256.2,0
1768.2,0
1768.2,0
1960.2,0
1960.2,0
1960.2,0
1128.7,0
1768.7,0
1960.7,0
1960.7,0
1960.7,0
1960.7,0
282.3,0
282.3,0
596.6,0
788.6,0
788.6,0
788.6,0
788.6,0
788.6,0
788.6,0
788.6,0
852.6,0
852.6,0
852.6,0
1129.2,0
1129.2,0
1129.2,0
1257.2,0
1257.2,0
1961.2,0
1961.2,0
1129.7,0
1129.7,0
1129.7,0
1257.7,0
1257.7,0
1961.7,0
1961.7,0
1961.7,0
1961.7,0
565.1,0
565.1,0
565.1,0
565.1,0
661.1,0
661.1,0
693.1,0
853.1,0
853.1,0
917.1,0
917.1,0
917.1,0
1194.2,0
1258.2,0
1962.2,0
1962.2,0
1962.2,0
1962.2,0
1130.7,0
1130.7,0
1130.7,0
1130.7,0
1130.7,0
1130.7,0
1130.7,0
1130.7,0
1258.7,0
1962.7,0
1962.7,0
298.8,0
565.6,0
565.6,0
565.6,0
565.6,0
565.6,0
565.6,0
565.6,0
661.6,0
789.6,0
789.6,0
853.6,0
853.6,0
853.6,0
853.6,0
853.6,0
853.6,0
853.6,0
853.6,0
853.6,0
917.6,0
1131.2,0
1131.2,0
1131.2,0
1259.2,0
1259.2,0
1259.2,0
1259.2,0
1259.2,0
1259.2,0
1259.2,0
1259.2,0
1963.2,0
1963.2,0
1963.2,0
1963.2,0
1963.2,0
1131.7,0
1131.7,0
1131.7,0
1131.7,0
1131.7,0
1131.7,0
1195.7,0
1259.7,0
1259.7,0
1259.7,0
1259.7,0
1259.7,0
1259.7,0
1259.7,0
1259.7,0
1259.7,0
1259.7,0
1963.7,0
1963.7,0
1963.7,0
566.1,0
566.1,0
694.1,0
790.1,0
790.1,0
854.1,0
854.1,0
854.1,0
854.1,0
854.1,0
854.1,0
854.1,0
854.1,0
854.1,0
854.1,0
854.1,0
854.1,0
854.1,0
918.1,0
1132.2,0
1132.2,0
1132.2,0
1132.2,0
1132.2,0
1132.2,0
1132.2,0
1132.2,0
1196.2,0
1196.2,0
1260.2,0
1260.2,0
1260.2,0
1260.2,0
1260.2,0
1260.2,0
1260.2,0
1772.2,0
1964.2,0
1964.2,0
1964.2,0
1964.2,0
1964.2,0
1964.2,0
1132.7,0
1132.7,0
1132.7,0
1132.7,0
1196.7,0
1196.7,0
1260.7,0
1260.7,0
1260.7,0
1260.7,0
1260.7,0
1260.7,0
1260.7,0
1772.7,0
1772.7,0
1964.7,0
1964.7,0
1964.7,0
1964.7,0
1964.7,0
566.6,0
566.6,0
566.6,0
566.6,0
566.6,0
566.6,0
694.6,0
854.6,0
854.6,0
854.6,0
854.6,0
1133.2,0
1133.2,0
1133.2,0
1133.2,0
1133.2,0
1133.2,0
1133.2,0
1133.2,0
1197.2,0
1261.2,0
1261.2,0
1965.2,0
1965.2,0
1965.2,0
1133.7,0
1133.7,0
1133.7,0
1133.7,0
1133.7,0
1133.7,0
1133.7,0
1133.7,0
1133.7,0
1133.7,0
1133.7,0
1133.7,0
1197.7,0
1965.7,0
1965.7,0
1965.7,0
567.1,0
567.1,0
567.1,0
567.1,0
567.1,0
567.1,0
567.1,0
567.1,0
567.1,0
599.1,0
663.1,0
791.1,0
791.1,0
855.1,0
855.1,0
855.1,0
855.1,0
855.1,0
855.1,0
855.1,0
1134.2,0
1134.2,0
1134.2,0
1774.2,0
1966.2,0
1966.2,0
1966.2,0
1134.7,0
1134.7,0
1134.7,0
1134.7,0
1134.7,0
1134.7,0
1134.7,0
1134.7,0
1198.7,0
1774.7,0
1966.7,0
1966.7,0
1966.7,0
299.8,0
299.8,0
315.8,0
567.6,0
567.6,0
567.6,0
567.6,0
567.6,0
567.6,0
567.6,0
567.6,0
567.6,0
567.6,0
567.6,0
567.6,0
567.6,0
567.6,0
567.6,0
567.6,0
567.6,0
599.6,0
663.6,0
663.6,0
791.6,0
855.6,0
855.6,0
855.6,0
919.6,0
1135.2,0
1135.2,0
1135.2,0
1135.2,0
1135.2,0
1199.2,0
1775.2,0
1775.2,0
1775.2,0
1775.2,0
1775.2,0
1967.2,0
1967.2,0
1967.2,0
1135.7,0
1135.7,0
1135.7,0
1135.7,0
1135.7,0
1135.7,0
1135.7,0
1199.7,0
1199.7,0
1199.7,0
1199.7,0
1199.7,0
1199.7,0
1775.7,0
1775.7,0
1775.7,0
1967.7,0
1967.7,0
568.1,0
568.1,0
568.1,0
568.1,0
568.1,0
568.1,0
568.1,0
568.1,0
568.1,0
568.1,0
568.1,0
568.1,0
568.1,0
568.1,0
568.1,0
568.1,0
568.1,0
568.1,0
600.1,0
600.1,0
664.1,0
664.1,0
664.1,0
792.1,0
792.1,0
856.1,0
856.1,0
920.1,0
920.1,0
1136.2,0
1136.2,0
1136.2,0
1968.2,0
1136.7,0
1136.7,0
1136.7,0
1136.7,0
1136.7,0
1136.7,0
1776.7,0
1968.7,0
300.3,0
300.3,0
568.6,0
568.6,0
568.6,0
568.6,0
568.6,0
568.6,0
568.6,0
568.6,0
568.6,0
568.6,0
568.6,0
568.6,0
600.6,0
600.6,0
600.6,0
600.6,0
792.6,0
792.6,0
792.6,0
856.6,0
856.6,0
920.6,0
920.6,0
920.6,0
1137.2,0
1137.2,0
1265.2,0
1265.2,0
1265.2,0
1777.2,0
1777.2,0
1969.2,0
1137.7,0
1137.7,0
1137.7,0
1137.7,0
1137.7,0
1137.7,0
1137.7,0
1137.7,0
1265.7,0
1265.7,0
1265.7,0
1265.7,0
1265.7,0
1265.7,0
1265.7,0
1969.7,0
569.1,0
569.1,0
569.1,0
569.1,0
569.1,0
569.1,0
569.1,0
569.1,0
569.1,0
569.1,0
601.1,0
793.1,0
793.1,0
857.1,0
857.1,0
857.1,0
857.1,0
857.1,0
921.1,0
1138.2,0
1138.2,0
1138.2,0
1138.2,0
1266.2,0
1138.7,0
1138.7,0
1138.7,0
1138.7,0
1778.7,0
30.8,0
300.8,0
300.8,0
300.8,0
300.8,0
569.6,0
569.6,0
569.6,0
569.6,0
569.6,0
601.6,0
601.6,0
793.6,0
793.6,0
793.6,0
857.6,0
857.6,0
857.6,0
857.6,0
921.6,0
1139.2,0
1139.2,0
1139.2,0
1139.2,0
1203.2,0
1203.2,0
1203.2,0
1139.7,0
1139.7,0
1139.7,0
1139.7,0
1139.7,0
1139.7,0
1203.7,0
1203.7,0
1203.7,0
1203.7,0
1779.7,0
1779.7,0
570.1,0
570.1,0
570.1,0
570.1,0
570.1,0
602.1,0
602.1,0
794.1,0
794.1,0
826.1,0
826.1,0
858.1,0
858.1,0
858.1,0
858.1,0
858.1,0
858.1,0
858.1,0
858.1,0
858.1,0
858.1,0
858.1,0
858.1,0
922.1,0
922.1,0
922.1,0
922.1,0
1140.2,0
1140.2,0
1140.2,0
1140.2,0
1140.2,0
1140.2,0
1140.2,0
1204.2,0
1204.2,0
1780.2,0
1780.2,0
1140.7,0
1140.7,0
1140.7,0
1140.7,0
1140.7,0
1204.7,0
1204.7,0
1780.7,0
1780.7,0
1780.7,0
1780.7,0
1780.7,0
1972.7,0
301.3,0
301.3,0
570.6,0
570.6,0
570.6,0
794.6,0
794.6,0
794.6,0
826.6,0
858.6,0
922.6,0
922.6,0
922.6,0
922.6,0
1141.2,0
1141.2,0
1141.2,0
1141.2,0
1781.2,0
1781.2,0
1781.2,0
1781.2,0
1141.7,0
1141.7,0
1781.7,0
1781.7,0
1781.7,0
1781.7,0
1781.7,0
571.1,0
571.1,0
667.1,0
859.1,0
859.1,0
859.1,0
859.1,0
859.1,0
859.1,0
859.1,0
859.1,0
859.1,0
859.1,0
859.1,0
923.1,0
923.1,0
923.1,0
923.1,0
923.1,0
923.1,0
923.1,0
923.1,0
923.1,0
923.1,0
1142.2,0
1142.2,0
1782.2,0
1782.2,0
1782.2,0
1782.2,0
1782.2,0
1142.7,0
1142.7,0
1782.7,0
1782.7,0
301.8,0
317.8,0
571.6,0
603.6,0
795.6,0
859.6,0
923.6,0
923.6,0
923.6,0
923.6,0
923.6,0
923.6,0
1143.2,0
1143.2,0
1143.2,0
1143.2,0
1143.2,0
1783.2,0
1783.2,0
1783.2,0
1783.2,0
1143.7,0
1143.7,0
1143.7,0
1143.7,0
1783.7,0
1783.7,0
1783.7,0
1783.7,0
604.1,0
796.1,0
860.1,0
860.1,0
860.1,0
924.1,0
924.1,0
924.1,0
1144.2,0
1144.2,0
1144.2,0
1784.2,0
1784.2,0
1144.7,0
1144.7,0
1144.7,0
1144.7,0
1144.7,0
1784.7,0
1784.7,0
286.3,0
286.3,0
302.3,0
302.3,0
302.3,0
302.3,0
572.6,0
572.6,0
572.6,0
572.6,0
572.6,0
572.6,0
796.6,0
924.6,0
1145.2,0
1145.2,0
1785.2,0
1785.2,0
1785.2,0
573.1,0
573.1,0
605.1,0
797.1,0
861.1,0
925.1,0
925.1,0
925.1,0
1146.2,0
1146.2,0
1146.2,0
1146.2,0
1146.2,0
1786.2,0
1786.2,0
1786.2,0
1146.7,0
1146.7,0
1786.7,0
1786.7,0
1786.7,0
1786.7,0
1786.7,0
1786.7,0
1786.7,0
302.8,0
302.8,0
302.8,0
302.8,0
302.8,0
573.6,0
573.6,0
605.6,0
829.6,0
829.6,0
861.6,0
1787.2,0
1787.2,0
1787.2,0
1787.7,0
1787.7,0
1787.7,0
1787.7,0
542.1,0
574.1,0
574.1,0
574.1,0
606.1,0
798.1,0
830.1,0
926.1,0
926.1,0
926.1,0
1788.2,0
1788.2,0
1788.2,0
1788.2,0
1788.2,0
1788.2,0
1788.2,0
1788.2,0
1788.2,0
1788.2,0
1148.7,0
1788.7,0
1788.7,0
1788.7,0
1788.7,0
1788.7,0
1788.7,0
303.3,0
303.3,0
574.6,0
574.6,0
574.6,0
574.6,0
574.6,0
702.6,0
830.6,0
830.6,0
830.6,0
830.6,0
830.6,0
926.6,0
1149.2,0
1149.2,0
1469.2,0
1469.2,0
1789.2,0
1789.2,0
1469.7,0
1789.7,0
1789.7,0
1789.7,0
1789.7,0
1789.7,0
1789.7,0
543.1,0
575.1,0
703.1,0
703.1,0
863.1,0
927.1,0
927.1,0
927.1,0
1790.2,0
1790.2,0
1790.2,0
1150.7,0
1150.7,0
1150.7,0
1150.7,0
1790.7,0
1790.7,0
1790.7,0
1790.7,0
303.8,0
543.6,0
543.6,0
543.6,0
543.6,0
703.6,0
703.6,0
703.6,0
703.6,0
703.6,0
703.6,0
703.6,0
767.6,0
927.6,0
927.6,0
927.6,0
927.6,0
1151.2,0
1151.2,0
1791.2,0
1791.2,0
1791.2,0
1791.2,0
1791.2,0
1791.2,0
1791.2,0
1151.7,0
1791.7,0
1791.7,0
1791.7,0
1791.7,0
1791.7,0
1919.7,0
1919.7,0
1919.7,0
1919.7,0
2,1
2,1
2,1
2,1
2,1
2,1
2,1
2,1
2,1
2,1
2,1
2,1
2,1
2.5,1
2.5,1
2.5,1
2.5,1
2.5,1
3,1
3,1
3,1
3,1
3,1
3,1
3,1
3,1
3,1
3,1
3,1
3,1
3,1
3,1
3,1
3.5,1
3.5,1
3.5,1
3.5,1
3.5,1
3.5,1
3.5,1
3.5,1
4,1
4,1
4,1
4,1
4,1
4,1
4,1
4,1
4,1
4,1
4,1
4,1
4,1
4.5,1
4.5,1
4.5,1
4.5,1
4.5,1
4.5,1
4.5,1
5,1
5,1
5,1
5,1
5,1
5,1
5,1
5,1
5,1
5.5,1
5.5,1
5.5,1
5.5,1
6,1
6,1
6,1
6,1
6,1
6,1
6.5,1
6.5,1
6.5,1
6.5,1
6.5,1
6.5,1
7,1
7,1
7,1
7,1
7,1
7,1
7,1
7,1
7,1
7.5,1
7.5,1
7.5,1
7.5,1
7.5,1
7.5,1
7.5,1
7.5,1
7.5,1
7.5,1
7.5,1
8,1
8,1
8,1
8,1
8.5,1
8.5,1
8.5,1
8.5,1
8.5,1
9,1
9,1
9,1
9,1
9,1
9,1
9,1
9,1
9.5,1
9.5,1
9.5,1
9.5,1
9.5,1
9.5,1
9.5,1
9.5,1
9.5,1
10,1
10,1
10,1
10,1
10,1
10,1
10,1
10,1
10.5,1
10.5,1
10.5,1
10.5,1
11,1
11,1
11,1
11,1
11,1
11,1
11,1
11,1
11,1
11.5,1
11.5,1
11.5,1
11.5,1
11.5,1
11.5,1
11.5,1
11.5,1
11.5,1
12,1
12,1
12,1
12,1
12,1
12,1
12,1
12,1
12,1
12,1
12,1
12,1
12,1
12.5,1
12.5,1
12.5,1
12.5,1
12.5,1
12.5,1
13,1
13,1
13,1
13,1
13,1
13,1
13,1
13,1
13,1
13.5,1
13.5,1
13.5,1
13.5,1
13.5,1
13.5,1
13.5,1
14,1
14,1
14,1
14,1
14,1
14,1
14,1
14,1
14,1
14,1
14,1
14,1
14.5,1
14.5,1
14.5,1
14.5,1
14.5,1
14.5,1
14.5,1
14.5,1
14.5,1
15,1
15,1
15,1
15,1
15.5,1
15.5,1
15.5,1
15.5,1
15.5,1
15.5,1
16,1
16,1
16,1
16,1
16,1
17,1
17,1
17,1
17,1
17,1
17,1
17,1
17,1
17,1
18,1
18,1
18,1
18,1
21,1
21,1
22,1
22,1
22,1
23,1
24,1
24,1
25,1
0.5,1
0.5,1
0.5,1
0.5,1
0.5,1
0.5,1
0.5,1
0.5,1
0.5,1
0.5,1
1,1
1,1
1,1
1,1
1,1
1,1
1,1
1,1
1,1
1,1
1.5,1
1.5,1
1.5,1
1.5,1
1.5,1
1.5,1
1.5,1
1.5,1
1.5,1
1.5,1
1.5,1
16.5,1
16.5,1
16.5,1
17.5,1
17.5,1
17.5,1
17.5,1
18.5,1
18.5,1
20.5,1
20.5,1
20.5,1
21.5,1
21.5,1
21.5,1
22.5,1
22.5,1
24.5,1
24.5,1
27.5,1
2.4,1
2.4,1
2.4,1
2.4,1
2.4,1
2.4,1
2.4,1
2.4,1
2.9,1
2.9,1
2.9,1
2.9,1
2.9,1
3.4,1
3.4,1
3.4,1
3.4,1
3.4,1
3.4,1
3.4,1
3.4,1
3.4,1
3.4,1
3.4,1
3.9,1
3.9,1
3.9,1
3.9,1
3.9,1
3.9,1
3.9,1
3.9,1
3.9,1
3.9,1
4.3,1
4.3,1
4.3,1
4.3,1
4.3,1
4.3,1
4.3,1
4.3,1
4.3,1
4.3,1
4.3,1
4.8,1
4.8,1
4.8,1
4.8,1
4.8,1
4.8,1
4.8,1
4.8,1
4.8,1
4.8,1
5.3,1
5.3,1
5.3,1
5.3,1
5.3,1
5.3,1
5.3,1
5.3,1
5.3,1
5.3,1
5.3,1
5.3,1
5.8,1
5.8,1
5.8,1
5.8,1
5.8,1
5.8,1
5.8,1
5.8,1
5.8,1
5.8,1
5.8,1
5.8,1
5.8,1
5.8,1
5.8,1
5.8,1
6.3,1
6.3,1
6.3,1
6.3,1
6.8,1
6.8,1
6.8,1
6.8,1
6.8,1
6.8,1
6.8,1
6.8,1
6.8,1
6.8,1
6.8,1
7.3,1
7.3,1
7.3,1
7.3,1
7.3,1
7.3,1
7.3,1
7.3,1
7.3,1
7.3,1
7.3,1
7.3,1
7.3,1
7.3,1
7.8,1
7.8,1
7.8,1
8.1,1
8.1,1
8.1,1
8.1,1
8.6,1
8.6,1
8.6,1
8.6,1
8.6,1
8.6,1
8.6,1
8.6,1
8.6,1
9.1,1
9.1,1
9.1,1
9.1,1
9.1,1
9.1,1
9.1,1
9.1,1
9.1,1
9.6,1
9.6,1
9.6,1
9.6,1
9.6,1
9.6,1
10.1,1
10.1,1
10.1,1
10.1,1
10.1,1
10.1,1
10.1,1
10.6,1
10.6,1
10.6,1
10.6,1
10.6,1
11.1,1
11.6,1
11.6,1
11.6,1
11.6,1
11.6,1
11.6,1
11.6,1
11.6,1
11.6,1
11.6,1
11.6,1
11.6,1
12.1,1
12.1,1
12.1,1
12.1,1
12.1,1
12.1,1
12.1,1
12.1,1
12.1,1
12.6,1
12.6,1
12.6,1
12.6,1
12.6,1
12.6,1
12.6,1
13.1,1
13.1,1
13.1,1
13.1,1
13.1,1
13.1,1
13.1,1
13.1,1
13.1,1
13.6,1
13.6,1
13.6,1
13.6,1
13.6,1
13.6,1
14.1,1
14.1,1
14.1,1
14.1,1
14.1,1
14.1,1
14.1,1
14.1,1
14.1,1
14.1,1
14.6,1
14.6,1
14.6,1
14.6,1
15.1,1
15.1,1
15.1,1
15.1,1
15.1,1
15.6,1
15.6,1
15.6,1
15.6,1
15.6,1
15.6,1
16.2,1
16.2,1
17.2,1
17.2,1
17.2,1
17.2,1
18.2,1
18.2,1
18.2,1
18.2,1
18.2,1
18.2,1
18.2,1
18.2,1
18.2,1
19.2,1
19.2,1
19.2,1
20.2,1
21.2,1
21.2,1
22.2,1
22.2,1
22.2,1
22.2,1
24.2,1
25.2,1
25.2,1
27.2,1
28.2,1
28.2,1
29.2,1
0.3,1
0.3,1
0.3,1
0.3,1
0.3,1
0.3,1
0.3,1
0.3,1
0.3,1
0.3,1
0.3,1
0.3,1
0.6,1
0.6,1
0.6,1
0.6,1
0.6,1
0.6,1
0.6,1
0.6,1
0.6,1
0.6,1
0.6,1
0.6,1
0.6,1
0.6,1
1.2,1
1.2,1
1.2,1
1.2,1
1.2,1
1.2,1
1.2,1
1.2,1
1.2,1
1.2,1
1.2,1
1.2,1
1.2,1
1.2,1
1.2,1
1.7,1
1.7,1
1.7,1
1.7,1
1.7,1
1.7,1
1.7,1
1.7,1
1.7,1
1.7,1
1.7,1
1.7,1
1.7,1
16.7,1
16.7,1
16.7,1
17.7,1
17.7,1
17.7,1
17.7,1
17.7,1
17.7,1
18.7,1
19.7,1
19.7,1
19.7,1
20.7,1
20.7,1
21.7,1
22.7,1
23.7,1
24.7,1
24.7,1
24.7,1
2.3,1
2.3,1
2.3,1
2.3,1
2.3,1
2.3,1
2.3,1
2.8,1
2.8,1
2.8,1
2.8,1
2.8,1
2.8,1
2.8,1
2.8,1
2.8,1
2.8,1
3.3,1
3.3,1
3.3,1
3.3,1
3.3,1
3.3,1
3.3,1
3.3,1
3.3,1
3.3,1
3.3,1
3.3,1
3.8,1
3.8,1
3.8,1
3.8,1
3.8,1
3.8,1
3.8,1
3.8,1
3.8,1
3.8,1
3.8,1
4.1,1
4.1,1
4.1,1
4.1,1
4.1,1
4.1,1
4.1,1
4.6,1
4.6,1
4.6,1
4.6,1
4.6,1
4.6,1
4.6,1
4.6,1
4.6,1
4.6,1
4.6,1
4.6,1
4.6,1
4.6,1
4.6,1
4.6,1
4.6,1
4.6,1
5.1,1
5.1,1
5.1,1
5.1,1
5.1,1
5.1,1
5.1,1
5.1,1
5.6,1
5.6,1
5.6,1
5.6,1
5.6,1
5.6,1
5.6,1
5.6,1
5.6,1
5.6,1
5.6,1
6.1,1
6.1,1
6.1,1
6.1,1
6.1,1
6.1,1
6.1,1
6.1,1
6.1,1
6.1,1
6.1,1
6.1,1
6.1,1
6.6,1
6.6,1
6.6,1
6.6,1
6.6,1
6.6,1
6.6,1
6.6,1
6.6,1
7.1,1
7.1,1
7.1,1
7.1,1
7.1,1
7.1,1
7.1,1
7.6,1
7.6,1
7.6,1
7.6,1
7.6,1
7.6,1
7.6,1
8.2,1
8.2,1
8.2,1
8.2,1
8.2,1
8.2,1
8.2,1
8.2,1
8.2,1
8.2,1
8.7,1
8.7,1
8.7,1
8.7,1
8.7,1
8.7,1
8.7,1
8.7,1
8.7,1
9.2,1
9.2,1
9.2,1
9.2,1
9.7,1
9.7,1
9.7,1
9.7,1
9.7,1
9.7,1
9.7,1
10.2,1
10.2,1
10.2,1
10.2,1
10.2,1
10.2,1
10.7,1
10.7,1
10.7,1
10.7,1
10.7,1
10.7,1
10.7,1
11.2,1
11.2,1
11.2,1
11.2,1
11.2,1
11.2,1
11.2,1
11.2,1
11.7,1
11.7,1
11.7,1
11.7,1
11.7,1
11.7,1
11.7,1
12.2,1
12.2,1
12.2,1
12.2,1
12.2,1
12.7,1
12.7,1
12.7,1
12.7,1
12.7,1
12.7,1
12.7,1
12.7,1
12.7,1
12.7,1
12.7,1
13.2,1
13.2,1
13.2,1
13.2,1
13.2,1
13.7,1
13.7,1
13.7,1
13.7,1
13.7,1
14.2,1
14.2,1
14.2,1
14.2,1
14.2,1
14.7,1
14.7,1
14.7,1
14.7,1
14.7,1
14.7,1
14.7,1
14.7,1
15.2,1
15.2,1
15.2,1
15.2,1
15.2,1
15.2,1
15.2,1
15.7,1
15.7,1
15.7,1
15.7,1
15.7,1
16.4,1
16.4,1
16.4,1
16.4,1
17.4,1
17.4,1
18.4,1
18.4,1
18.4,1
18.4,1
19.4,1
19.4,1
20.4,1
20.4,1
21.4,1
22.4,1
22.4,1
22.4,1
25.4,1
25.4,1
26.4,1
0.7,1
0.7,1
0.7,1
0.7,1
0.7,1
0.7,1
0.7,1
0.7,1
0.7,1
0.7,1
1.4,1
1.4,1
1.4,1
1.4,1
1.4,1
1.4,1
1.9,1
1.9,1
1.9,1
1.9,1
1.9,1
1.9,1
1.9,1
1.9,1
1.9,1
1.9,1
1.9,1
16.9,1
16.9,1
16.9,1
16.9,1
16.9,1
16.9,1
17.9,1
17.9,1
17.9,1
18.9,1
19.9,1
19.9,1
20.9,1
21.9,1
21.9,1
21.9,1
26.9,1
26.9,1
27.9,1
27.9,1
27.9,1
27.9,1
16.1,1
16.1,1
16.1,1
16.1,1
16.1,1
16.1,1
16.1,1
17.1,1
17.1,1
17.1,1
17.1,1
17.1,1
17.1,1
18.1,1
18.1,1
19.1,1
19.1,1
20.1,1
20.1,1
21.1,1
21.1,1
21.1,1
21.1,1
21.1,1
22.1,1
22.1,1
22.1,1
25.1,1
26.1,1
27.1,1
28.1,1
28.1,1
2.2,1
2.2,1
2.2,1
2.2,1
2.2,1
2.2,1
2.2,1
2.2,1
2.2,1
2.7,1
2.7,1
2.7,1
2.7,1
2.7,1
2.7,1
2.7,1
3.2,1
3.2,1
3.2,1
3.2,1
3.2,1
3.2,1
3.2,1
3.2,1
3.2,1
3.2,1
3.2,1
3.7,1
3.7,1
3.7,1
3.7,1
3.7,1
3.7,1
3.7,1
4.4,1
4.4,1
4.4,1
4.4,1
4.4,1
4.4,1
4.4,1
4.4,1
4.4,1
4.9,1
4.9,1
4.9,1
4.9,1
4.9,1
4.9,1
4.9,1
4.9,1
4.9,1
4.9,1
4.9,1
4.9,1
4.9,1
4.9,1
5.4,1
5.4,1
5.4,1
5.4,1
5.4,1
5.9,1
5.9,1
5.9,1
5.9,1
5.9,1
5.9,1
5.9,1
6.4,1
6.4,1
6.4,1
6.4,1
6.4,1
6.4,1
6.4,1
6.4,1
6.4,1
6.4,1
6.4,1
6.4,1
6.9,1
6.9,1
6.9,1
6.9,1
6.9,1
6.9,1
6.9,1
7.4,1
7.4,1
7.4,1
7.4,1
7.4,1
7.4,1
7.4,1
7.4,1
7.4,1
7.4,1
7.4,1
7.4,1
7.4,1
7.9,1
7.9,1
7.9,1
7.9,1
7.9,1
7.9,1
7.9,1
7.9,1
7.9,1
7.9,1
8.3,1
8.3,1
8.3,1
8.3,1
8.3,1
8.3,1
8.3,1
8.3,1
8.3,1
8.3,1
8.3,1
8.3,1
8.3,1
8.8,1
8.8,1
8.8,1
8.8,1
8.8,1
9.3,1
9.3,1
9.3,1
9.3,1
9.3,1
9.3,1
9.3,1
9.3,1
9.8,1
9.8,1
9.8,1
9.8,1
9.8,1
9.8,1
9.8,1
9.8,1
10.3,1
10.3,1
10.3,1
10.3,1
10.3,1
10.3,1
10.3,1
10.3,1
10.3,1
10.3,1
10.3,1
10.3,1
10.3,1
10.3,1
10.3,1
10.8,1
10.8,1
10.8,1
10.8,1
10.8,1
10.8,1
11.3,1
11.3,1
11.3,1
11.3,1
11.3,1
11.3,1
11.3,1
11.3,1
11.3,1
11.3,1
11.8,1
11.8,1
11.8,1
11.8,1
11.8,1
11.8,1
11.8,1
12.3,1
12.3,1
12.3,1
12.3,1
12.3,1
12.3,1
12.3,1
12.3,1
12.3,1
12.3,1
12.3,1
12.8,1
12.8,1
12.8,1
12.8,1
12.8,1
12.8,1
12.8,1
12.8,1
12.8,1
12.8,1
12.8,1
12.8,1
12.8,1
13.3,1
13.3,1
13.3,1
13.3,1
13.3,1
13.3,1
13.3,1
13.8,1
13.8,1
13.8,1
13.8,1
13.8,1
13.8,1
13.8,1
14.3,1
14.3,1
14.3,1
14.3,1
14.3,1
14.3,1
14.8,1
14.8,1
14.8,1
14.8,1
14.8,1
14.8,1
14.8,1
15.3,1
15.3,1
15.3,1
15.3,1
15.3,1
15.3,1
15.3,1
15.3,1
15.3,1
15.3,1
15.3,1
15.3,1
15.8,1
15.8,1
15.8,1
15.8,1
15.8,1
16.6,1
16.6,1
16.6,1
16.6,1
17.6,1
17.6,1
17.6,1
17.6,1
18.6,1
18.6,1
18.6,1
18.6,1
18.6,1
19.6,1
19.6,1
21.6,1
21.6,1
21.6,1
21.6,1
22.6,1
22.6,1
22.6,1
24.6,1
25.6,1
25.6,1
25.6,1
25.6,1
0.1,1
0.1,1
0.1,1
0.2,1
0.2,1
0.2,1
0.2,1
0.2,1
0.2,1
0.2,1
0.2,1
0.2,1
0.2,1
0.2,1
0.4,1
0.4,1
0.4,1
0.4,1
0.4,1
0.4,1
0.4,1
0.4,1
0.8,1
0.8,1
0.8,1
0.8,1
0.8,1
0.8,1
0.8,1
0.8,1
0.8,1
0.8,1
0.8,1
0.8,1
0.8,1
0.8,1
0.8,1
1.1,1
1.1,1
1.1,1
1.1,1
1.1,1
1.1,1
1.1,1
1.1,1
1.1,1
1.1,1
1.1,1
1.1,1
1.1,1
1.1,1
1.6,1
1.6,1
1.6,1
1.6,1
1.6,1
1.6,1
1.6,1
1.6,1
1.6,1
1.6,1
1.6,1
16.3,1
16.3,1
16.3,1
16.3,1
16.3,1
16.3,1
16.3,1
16.3,1
17.3,1
17.3,1
17.3,1
18.3,1
18.3,1
18.3,1
19.3,1
21.3,1
22.3,1
24.3,1
25.3,1
25.3,1
25.3,1
27.3,1
2.1,1
2.1,1
2.1,1
2.1,1
2.1,1
2.1,1
2.1,1
2.1,1
2.1,1
2.1,1
2.1,1
2.1,1
2.6,1
2.6,1
2.6,1
2.6,1
2.6,1
2.6,1
2.6,1
2.6,1
2.6,1
2.6,1
2.6,1
2.6,1
2.6,1
3.1,1
3.1,1
3.1,1
3.1,1
3.1,1
3.1,1
3.1,1
3.1,1
3.1,1
3.1,1
3.6,1
3.6,1
3.6,1
3.6,1
3.6,1
3.6,1
3.6,1
3.6,1
3.6,1
3.6,1
3.6,1
3.6,1
3.6,1
3.6,1
3.6,1
3.6,1
3.6,1
4.2,1
4.2,1
4.2,1
4.2,1
4.2,1
4.2,1
4.2,1
4.2,1
4.2,1
4.2,1
4.2,1
4.2,1
4.2,1
4.2,1
4.7,1
4.7,1
4.7,1
4.7,1
4.7,1
4.7,1
4.7,1
4.7,1
4.7,1
4.7,1
4.7,1
4.7,1
4.7,1
5.2,1
5.2,1
5.2,1
5.2,1
5.7,1
5.7,1
5.7,1
5.7,1
5.7,1
5.7,1
5.7,1
5.7,1
5.7,1
5.7,1
5.7,1
5.7,1
5.7,1
6.2,1
6.2,1
6.2,1
6.2,1
6.2,1
6.2,1
6.2,1
6.2,1
6.2,1
6.2,1
6.2,1
6.2,1
6.2,1
6.2,1
6.2,1
6.2,1
7.2,1
7.2,1
7.2,1
7.2,1
7.2,1
7.2,1
7.2,1
7.2,1
7.2,1
7.2,1
7.2,1
7.2,1
7.7,1
7.7,1
7.7,1
7.7,1
7.7,1
7.7,1
7.7,1
7.7,1
8.4,1
8.4,1
8.4,1
8.4,1
8.4,1
8.4,1
8.4,1
8.4,1
8.9,1
8.9,1
8.9,1
8.9,1
8.9,1
8.9,1
8.9,1
8.9,1
8.9,1
9.4,1
9.4,1
9.4,1
9.4,1
9.4,1
9.4,1
9.9,1
9.9,1
9.9,1
9.9,1
9.9,1
9.9,1
9.9,1
9.9,1
10.4,1
10.4,1
10.4,1
10.4,1
10.4,1
10.4,1
10.4,1
10.4,1
10.4,1
10.4,1
10.4,1
10.4,1
10.9,1
10.9,1
10.9,1
10.9,1
10.9,1
10.9,1
10.9,1
10.9,1
10.9,1
10.9,1
10.9,1
10.9,1
10.9,1
10.9,1
10.9,1
11.4,1
11.4,1
11.4,1
11.4,1
11.4,1
11.4,1
11.4,1
11.4,1
11.9,1
11.9,1
11.9,1
11.9,1
11.9,1
11.9,1
11.9,1
11.9,1
11.9,1
11.9,1
11.9,1
11.9,1
11.9,1
12.4,1
12.4,1
12.4,1
12.4,1
12.4,1
12.4,1
12.4,1
12.4,1
12.4,1
12.4,1
12.4,1
12.9,1
12.9,1
12.9,1
12.9,1
12.9,1
13.4,1
13.4,1
13.4,1
13.4,1
13.4,1
13.4,1
13.4,1
13.4,1
13.9,1
13.9,1
13.9,1
13.9,1
13.9,1
13.9,1
13.9,1
13.9,1
13.9,1
13.9,1
13.9,1
13.9,1
14.4,1
14.4,1
14.4,1
14.4,1
14.9,1
14.9,1
14.9,1
14.9,1
14.9,1
14.9,1
15.4,1
15.4,1
15.4,1
15.9,1
15.9,1
15.9,1
15.9,1
15.9,1
15.9,1
15.9,1
16.8,1
16.8,1
16.8,1
16.8,1
17.8,1
17.8,1
17.8,1
18.8,1
18.8,1
18.8,1
18.8,1
20.8,1
20.8,1
20.8,1
20.8,1
24.8,1
25.8,1
0.9,1
0.9,1
0.9,1
0.9,1
0.9,1
0.9,1
0.9,1
0.9,1
0.9,1
0.9,1
0.9,1
1.3,1
1.3,1
1.3,1
1.3,1
1.3,1
1.3,1
1.3,1
1.3,1
1.3,1
1.3,1
1.8,1
1.8,1
1.8,1
1.8,1
1.8,1
1.8,1
1.8,1
1.8,1
1.8,1
1.8,1
1.8,1
